"GRID_TYPE","GAME_ID","GAME_EVENT_ID","PLAYER_ID","PLAYER_NAME","TEAM_ID","TEAM_NAME","PERIOD","MINUTES_REMAINING","SECONDS_REMAINING","EVENT_TYPE","ACTION_TYPE","SHOT_TYPE","SHOT_ZONE_BASIC","SHOT_ZONE_AREA","SHOT_ZONE_RANGE","SHOT_DISTANCE","LOC_X","LOC_Y","SHOT_ATTEMPTED_FLAG","SHOT_MADE_FLAG","GAME_DATE","HTM","VTM"
"Shot Chart Detail","0021800014","692","1628990","Chandler Hutchison","1610612741","Chicago Bulls","4","1","50","Missed Shot","Driving Floating Jump Shot","2PT Field Goal","In The Paint (Non-RA)","Center(C)","Less Than 8 ft.","7","8","72","1","0","20181018","PHI","CHI"
"Shot Chart Detail","0021800044","440","1628990","Chandler Hutchison","1610612741","Chicago Bulls","3","1","50","Made Shot","Driving Finger Roll Layup Shot","2PT Field Goal","Restricted Area","Center(C)","Less Than 8 ft.","3","2","39","1","1","20181022","DAL","CHI"
"Shot Chart Detail","0021800044","487","1628990","Chandler Hutchison","1610612741","Chicago Bulls","3","0","0","Missed Shot","Running Jump Shot","3PT Field Goal","Backcourt","Back Court(BC)","Back Court Shot","68","-138","671","1","0","20181022","DAL","CHI"
"Shot Chart Detail","0021800056","179","1628990","Chandler Hutchison","1610612741","Chicago Bulls","2","9","43","Missed Shot","Jump Shot","3PT Field Goal","Above the Break 3","Left Side Center(LC)","24+ ft.","25","-125","227","1","0","20181024","CHI","CHA"
"Shot Chart Detail","0021800056","182","1628990","Chandler Hutchison","1610612741","Chicago Bulls","2","9","18","Made Shot","Cutting Dunk Shot","2PT Field Goal","Restricted Area","Center(C)","Less Than 8 ft.","1","8","16","1","1","20181024","CHI","CHA"
"Shot Chart Detail","0021800056","191","1628990","Chandler Hutchison","1610612741","Chicago Bulls","2","8","35","Made Shot","Driving Layup Shot","2PT Field Goal","Restricted Area","Center(C)","Less Than 8 ft.","1","9","-5","1","1","20181024","CHI","CHA"
"Shot Chart Detail","0021800056","200","1628990","Chandler Hutchison","1610612741","Chicago Bulls","2","8","8","Made Shot","Turnaround Jump Shot","2PT Field Goal","In The Paint (Non-RA)","Left Side(L)","8-16 ft.","8","-49","71","1","1","20181024","CHI","CHA"
"Shot Chart Detail","0021800056","207","1628990","Chandler Hutchison","1610612741","Chicago Bulls","2","6","52","Made Shot","Driving Floating Jump Shot","2PT Field Goal","In The Paint (Non-RA)","Center(C)","Less Than 8 ft.","5","-3","55","1","1","20181024","CHI","CHA"
"Shot Chart Detail","0021800067","39","1628990","Chandler Hutchison","1610612741","Chicago Bulls","1","8","9","Missed Shot","Layup Shot","2PT Field Goal","Restricted Area","Center(C)","Less Than 8 ft.","0","-3","9","1","0","20181026","CHA","CHI"
"Shot Chart Detail","0021800067","338","1628990","Chandler Hutchison","1610612741","Chicago Bulls","3","11","31","Missed Shot","Driving Floating Jump Shot","2PT Field Goal","In The Paint (Non-RA)","Center(C)","Less Than 8 ft.","6","-57","23","1","0","20181026","CHA","CHI"
"Shot Chart Detail","0021800067","365","1628990","Chandler Hutchison","1610612741","Chicago Bulls","3","8","24","Missed Shot","Jump Shot","3PT Field Goal","Above the Break 3","Left Side Center(LC)","24+ ft.","26","-138","225","1","0","20181026","CHA","CHI"
"Shot Chart Detail","0021800067","569","1628990","Chandler Hutchison","1610612741","Chicago Bulls","4","4","39","Missed Shot","Turnaround Jump Shot","2PT Field Goal","Mid-Range","Left Side(L)","8-16 ft.","9","-84","48","1","0","20181026","CHA","CHI"
"Shot Chart Detail","0021800076","19","1628990","Chandler Hutchison","1610612741","Chicago Bulls","1","10","38","Missed Shot","Dunk Shot","2PT Field Goal","Restricted Area","Center(C)","Less Than 8 ft.","1","0","15","1","0","20181027","ATL","CHI"
"Shot Chart Detail","0021800076","55","1628990","Chandler Hutchison","1610612741","Chicago Bulls","1","8","11","Made Shot","Running Layup Shot","2PT Field Goal","Restricted Area","Center(C)","Less Than 8 ft.","1","-1","18","1","1","20181027","ATL","CHI"
"Shot Chart Detail","0021800076","390","1628990","Chandler Hutchison","1610612741","Chicago Bulls","3","10","53","Made Shot","Running Layup Shot","2PT Field Goal","Restricted Area","Center(C)","Less Than 8 ft.","0","-2","8","1","1","20181027","ATL","CHI"
"Shot Chart Detail","0021800076","447","1628990","Chandler Hutchison","1610612741","Chicago Bulls","3","6","32","Missed Shot","Driving Layup Shot","2PT Field Goal","In The Paint (Non-RA)","Center(C)","Less Than 8 ft.","4","-31","34","1","0","20181027","ATL","CHI"
"Shot Chart Detail","0021800076","487","1628990","Chandler Hutchison","1610612741","Chicago Bulls","3","2","49","Missed Shot","Running Layup Shot","2PT Field Goal","Restricted Area","Center(C)","Less Than 8 ft.","1","5","14","1","0","20181027","ATL","CHI"
"Shot Chart Detail","0021800091","395","1628990","Chandler Hutchison","1610612741","Chicago Bulls","3","9","18","Missed Shot","Jump Shot","3PT Field Goal","Above the Break 3","Right Side Center(RC)","24+ ft.","24","223","94","1","0","20181029","CHI","GSW"
"Shot Chart Detail","0021800106","135","1628990","Chandler Hutchison","1610612741","Chicago Bulls","1","1","42","Made Shot","Jump Shot","3PT Field Goal","Above the Break 3","Left Side Center(LC)","24+ ft.","24","-163","188","1","1","20181031","CHI","DEN"
"Shot Chart Detail","0021800106","159","1628990","Chandler Hutchison","1610612741","Chicago Bulls","2","11","38","Missed Shot","Jump Shot","3PT Field Goal","Left Corner 3","Left Side(L)","24+ ft.","23","-227","53","1","0","20181031","CHI","DEN"
"Shot Chart Detail","0021800106","169","1628990","Chandler Hutchison","1610612741","Chicago Bulls","2","10","43","Missed Shot","Driving Dunk Shot","2PT Field Goal","Restricted Area","Center(C)","Less Than 8 ft.","2","7","19","1","0","20181031","CHI","DEN"
"Shot Chart Detail","0021800106","196","1628990","Chandler Hutchison","1610612741","Chicago Bulls","2","8","5","Missed Shot","Jump Shot","3PT Field Goal","Above the Break 3","Left Side Center(LC)","24+ ft.","24","-93","232","1","0","20181031","CHI","DEN"
"Shot Chart Detail","0021800106","235","1628990","Chandler Hutchison","1610612741","Chicago Bulls","2","5","20","Made Shot","Layup Shot","2PT Field Goal","Restricted Area","Center(C)","Less Than 8 ft.","3","-2","31","1","1","20181031","CHI","DEN"
"Shot Chart Detail","0021800106","277","1628990","Chandler Hutchison","1610612741","Chicago Bulls","2","1","44","Made Shot","Layup Shot","2PT Field Goal","Restricted Area","Center(C)","Less Than 8 ft.","1","13","9","1","1","20181031","CHI","DEN"
"Shot Chart Detail","0021800120","143","1628990","Chandler Hutchison","1610612741","Chicago Bulls","1","0","35","Made Shot","Cutting Dunk Shot","2PT Field Goal","Restricted Area","Center(C)","Less Than 8 ft.","0","3","5","1","1","20181102","CHI","IND"
"Shot Chart Detail","0021800120","462","1628990","Chandler Hutchison","1610612741","Chicago Bulls","3","0","0","Missed Shot","Jump Shot","3PT Field Goal","Backcourt","Back Court(BC)","Back Court Shot","49","166","470","1","0","20181102","CHI","IND"
"Shot Chart Detail","0021800120","476","1628990","Chandler Hutchison","1610612741","Chicago Bulls","4","11","7","Made Shot","Jump Shot","3PT Field Goal","Above the Break 3","Right Side Center(RC)","24+ ft.","24","156","193","1","1","20181102","CHI","IND"
"Shot Chart Detail","0021800120","485","1628990","Chandler Hutchison","1610612741","Chicago Bulls","4","9","56","Made Shot","Cutting Layup Shot","2PT Field Goal","Restricted Area","Center(C)","Less Than 8 ft.","2","-24","1","1","1","20181102","CHI","IND"
"Shot Chart Detail","0021800120","550","1628990","Chandler Hutchison","1610612741","Chicago Bulls","4","4","45","Missed Shot","Jump Shot","3PT Field Goal","Left Corner 3","Left Side(L)","24+ ft.","23","-234","-6","1","0","20181102","CHI","IND"
"Shot Chart Detail","0021800129","170","1628990","Chandler Hutchison","1610612741","Chicago Bulls","2","10","55","Missed Shot","Driving Layup Shot","2PT Field Goal","Restricted Area","Center(C)","Less Than 8 ft.","0","-3","6","1","0","20181103","CHI","HOU"
"Shot Chart Detail","0021800129","184","1628990","Chandler Hutchison","1610612741","Chicago Bulls","2","9","42","Made Shot","Dunk Shot","2PT Field Goal","Restricted Area","Center(C)","Less Than 8 ft.","0","-4","-5","1","1","20181103","CHI","HOU"
"Shot Chart Detail","0021800129","204","1628990","Chandler Hutchison","1610612741","Chicago Bulls","2","8","16","Made Shot","Dunk Shot","2PT Field Goal","Restricted Area","Center(C)","Less Than 8 ft.","0","3","9","1","1","20181103","CHI","HOU"
"Shot Chart Detail","0021800129","220","1628990","Chandler Hutchison","1610612741","Chicago Bulls","2","6","11","Made Shot","Pullup Jump shot","2PT Field Goal","Mid-Range","Left Side(L)","8-16 ft.","15","-151","34","1","1","20181103","CHI","HOU"
"Shot Chart Detail","0021800129","425","1628990","Chandler Hutchison","1610612741","Chicago Bulls","3","2","20","Made Shot","Driving Layup Shot","2PT Field Goal","Restricted Area","Center(C)","Less Than 8 ft.","1","0","13","1","1","20181103","CHI","HOU"
"Shot Chart Detail","0021800129","469","1628990","Chandler Hutchison","1610612741","Chicago Bulls","4","10","43","Missed Shot","Turnaround Jump Shot","2PT Field Goal","Mid-Range","Right Side(R)","8-16 ft.","9","85","42","1","0","20181103","CHI","HOU"
"Shot Chart Detail","0021800129","513","1628990","Chandler Hutchison","1610612741","Chicago Bulls","4","7","47","Made Shot","Turnaround Jump Shot","2PT Field Goal","In The Paint (Non-RA)","Right Side(R)","8-16 ft.","9","67","73","1","1","20181103","CHI","HOU"
"Shot Chart Detail","0021800129","581","1628990","Chandler Hutchison","1610612741","Chicago Bulls","4","3","18","Missed Shot","Putback Layup Shot","2PT Field Goal","Restricted Area","Center(C)","Less Than 8 ft.","0","0","-6","1","0","20181103","CHI","HOU"
"Shot Chart Detail","0021800143","97","1628990","Chandler Hutchison","1610612741","Chicago Bulls","1","3","39","Made Shot","Driving Layup Shot","2PT Field Goal","Restricted Area","Center(C)","Less Than 8 ft.","0","4","8","1","1","20181105","NYK","CHI"
"Shot Chart Detail","0021800143","168","1628990","Chandler Hutchison","1610612741","Chicago Bulls","2","11","19","Missed Shot","Jump Shot","3PT Field Goal","Left Corner 3","Left Side(L)","24+ ft.","23","-230","-1","1","0","20181105","NYK","CHI"
"Shot Chart Detail","0021800143","529","1628990","Chandler Hutchison","1610612741","Chicago Bulls","4","10","39","Made Shot","Jump Shot","2PT Field Goal","In The Paint (Non-RA)","Center(C)","Less Than 8 ft.","4","5","41","1","1","20181105","NYK","CHI"
"Shot Chart Detail","0021800143","533","1628990","Chandler Hutchison","1610612741","Chicago Bulls","4","10","3","Made Shot","Driving Finger Roll Layup Shot","2PT Field Goal","Restricted Area","Center(C)","Less Than 8 ft.","1","11","3","1","1","20181105","NYK","CHI"
"Shot Chart Detail","0021800143","536","1628990","Chandler Hutchison","1610612741","Chicago Bulls","4","9","22","Made Shot","Running Jump Shot","2PT Field Goal","In The Paint (Non-RA)","Center(C)","Less Than 8 ft.","6","-63","14","1","1","20181105","NYK","CHI"
"Shot Chart Detail","0021800159","163","1628990","Chandler Hutchison","1610612741","Chicago Bulls","2","11","34","Missed Shot","Layup Shot","2PT Field Goal","Restricted Area","Center(C)","Less Than 8 ft.","0","9","2","1","0","20181107","NOP","CHI"
"Shot Chart Detail","0021800159","177","1628990","Chandler Hutchison","1610612741","Chicago Bulls","2","9","36","Missed Shot","Floating Jump shot","2PT Field Goal","In The Paint (Non-RA)","Center(C)","8-16 ft.","9","-9","90","1","0","20181107","NOP","CHI"
"Shot Chart Detail","0021800159","204","1628990","Chandler Hutchison","1610612741","Chicago Bulls","2","7","28","Missed Shot","Driving Layup Shot","2PT Field Goal","Restricted Area","Center(C)","Less Than 8 ft.","2","-19","15","1","0","20181107","NOP","CHI"
"Shot Chart Detail","0021800159","536","1628990","Chandler Hutchison","1610612741","Chicago Bulls","4","8","52","Missed Shot","Layup Shot","2PT Field Goal","Restricted Area","Center(C)","Less Than 8 ft.","2","-25","5","1","0","20181107","NOP","CHI"
"Shot Chart Detail","0021800178","164","1628990","Chandler Hutchison","1610612741","Chicago Bulls","2","10","9","Missed Shot","Jump Shot","3PT Field Goal","Left Corner 3","Left Side(L)","24+ ft.","22","-226","0","1","0","20181110","CHI","CLE"
"Shot Chart Detail","0021800178","172","1628990","Chandler Hutchison","1610612741","Chicago Bulls","2","9","47","Missed Shot","Turnaround Jump Shot","2PT Field Goal","Mid-Range","Left Side(L)","8-16 ft.","12","-127","24","1","0","20181110","CHI","CLE"
"Shot Chart Detail","0021800178","186","1628990","Chandler Hutchison","1610612741","Chicago Bulls","2","8","20","Missed Shot","Driving Layup Shot","2PT Field Goal","Restricted Area","Center(C)","Less Than 8 ft.","2","-5","24","1","0","20181110","CHI","CLE"
"Shot Chart Detail","0021800178","494","1628990","Chandler Hutchison","1610612741","Chicago Bulls","4","10","51","Made Shot","Driving Dunk Shot","2PT Field Goal","Restricted Area","Center(C)","Less Than 8 ft.","0","-1","4","1","1","20181110","CHI","CLE"
"Shot Chart Detail","0021800178","549","1628990","Chandler Hutchison","1610612741","Chicago Bulls","4","6","51","Made Shot","Jump Shot","3PT Field Goal","Above the Break 3","Right Side Center(RC)","24+ ft.","25","135","212","1","1","20181110","CHI","CLE"
"Shot Chart Detail","0021800193","70","1628990","Chandler Hutchison","1610612741","Chicago Bulls","1","6","0","Made Shot","Running Layup Shot","2PT Field Goal","Restricted Area","Center(C)","Less Than 8 ft.","1","-6","9","1","1","20181112","CHI","DAL"
"Shot Chart Detail","0021800193","160","1628990","Chandler Hutchison","1610612741","Chicago Bulls","1","0","21","Missed Shot","Cutting Dunk Shot","2PT Field Goal","Restricted Area","Center(C)","Less Than 8 ft.","0","-4","9","1","0","20181112","CHI","DAL"
"Shot Chart Detail","0021800193","273","1628990","Chandler Hutchison","1610612741","Chicago Bulls","2","4","8","Missed Shot","Driving Layup Shot","2PT Field Goal","Restricted Area","Center(C)","Less Than 8 ft.","1","-8","10","1","0","20181112","CHI","DAL"
"Shot Chart Detail","0021800193","292","1628990","Chandler Hutchison","1610612741","Chicago Bulls","2","3","19","Made Shot","Floating Jump shot","2PT Field Goal","In The Paint (Non-RA)","Center(C)","Less Than 8 ft.","5","35","40","1","1","20181112","CHI","DAL"
"Shot Chart Detail","0021800193","304","1628990","Chandler Hutchison","1610612741","Chicago Bulls","2","2","24","Made Shot","Jump Shot","3PT Field Goal","Above the Break 3","Center(C)","24+ ft.","25","-60","247","1","1","20181112","CHI","DAL"
"Shot Chart Detail","0021800193","307","1628990","Chandler Hutchison","1610612741","Chicago Bulls","2","1","58","Missed Shot","Driving Layup Shot","2PT Field Goal","Restricted Area","Center(C)","Less Than 8 ft.","2","-18","11","1","0","20181112","CHI","DAL"
"Shot Chart Detail","0021800193","517","1628990","Chandler Hutchison","1610612741","Chicago Bulls","4","11","11","Made Shot","Cutting Dunk Shot","2PT Field Goal","Restricted Area","Center(C)","Less Than 8 ft.","0","-1","5","1","1","20181112","CHI","DAL"
"Shot Chart Detail","0021800204","186","1628990","Chandler Hutchison","1610612741","Chicago Bulls","2","7","14","Missed Shot","Driving Finger Roll Layup Shot","2PT Field Goal","Restricted Area","Center(C)","Less Than 8 ft.","2","19","12","1","0","20181114","BOS","CHI"
"Shot Chart Detail","0021800204","534","1628990","Chandler Hutchison","1610612741","Chicago Bulls","4","5","19","Missed Shot","Jump Shot","3PT Field Goal","Above the Break 3","Right Side Center(RC)","24+ ft.","26","232","126","1","0","20181114","BOS","CHI"
"Shot Chart Detail","0021800204","563","1628990","Chandler Hutchison","1610612741","Chicago Bulls","4","3","22","Missed Shot","Driving Hook Shot","2PT Field Goal","In The Paint (Non-RA)","Center(C)","Less Than 8 ft.","6","-59","25","1","0","20181114","BOS","CHI"
"Shot Chart Detail","0021800223","163","1628990","Chandler Hutchison","1610612741","Chicago Bulls","2","10","57","Missed Shot","Jump Shot","3PT Field Goal","Right Corner 3","Right Side(R)","24+ ft.","24","232","72","1","0","20181116","MIL","CHI"
"Shot Chart Detail","0021800223","457","1628990","Chandler Hutchison","1610612741","Chicago Bulls","3","1","27","Missed Shot","Reverse Layup Shot","2PT Field Goal","Restricted Area","Center(C)","Less Than 8 ft.","0","0","8","1","0","20181116","MIL","CHI"
"Shot Chart Detail","0021800223","625","1628990","Chandler Hutchison","1610612741","Chicago Bulls","4","2","11","Missed Shot","Jump Shot","3PT Field Goal","Above the Break 3","Left Side Center(LC)","24+ ft.","27","-191","197","1","0","20181116","MIL","CHI"
"Shot Chart Detail","0021800230","156","1628990","Chandler Hutchison","1610612741","Chicago Bulls","2","11","19","Missed Shot","Jump Shot","3PT Field Goal","Left Corner 3","Left Side(L)","24+ ft.","22","-227","14","1","0","20181117","CHI","TOR"
"Shot Chart Detail","0021800230","214","1628990","Chandler Hutchison","1610612741","Chicago Bulls","2","7","10","Missed Shot","Putback Layup Shot","2PT Field Goal","Restricted Area","Center(C)","Less Than 8 ft.","1","-5","14","1","0","20181117","CHI","TOR"
"Shot Chart Detail","0021800230","533","1628990","Chandler Hutchison","1610612741","Chicago Bulls","4","9","48","Missed Shot","Driving Layup Shot","2PT Field Goal","Restricted Area","Center(C)","Less Than 8 ft.","0","4","6","1","0","20181117","CHI","TOR"
"Shot Chart Detail","0021800230","559","1628990","Chandler Hutchison","1610612741","Chicago Bulls","4","7","50","Made Shot","Driving Layup Shot","2PT Field Goal","Restricted Area","Center(C)","Less Than 8 ft.","3","14","27","1","1","20181117","CHI","TOR"
"Shot Chart Detail","0021800230","591","1628990","Chandler Hutchison","1610612741","Chicago Bulls","4","5","18","Missed Shot","Jump Shot","3PT Field Goal","Above the Break 3","Right Side Center(RC)","24+ ft.","25","108","230","1","0","20181117","CHI","TOR"
"Shot Chart Detail","0021800230","596","1628990","Chandler Hutchison","1610612741","Chicago Bulls","4","5","0","Made Shot","Driving Layup Shot","2PT Field Goal","Restricted Area","Center(C)","Less Than 8 ft.","1","3","16","1","1","20181117","CHI","TOR"
"Shot Chart Detail","0021800230","625","1628990","Chandler Hutchison","1610612741","Chicago Bulls","4","3","20","Missed Shot","Jump Shot","2PT Field Goal","Mid-Range","Center(C)","16-24 ft.","16","-11","167","1","0","20181117","CHI","TOR"
"Shot Chart Detail","0021800230","641","1628990","Chandler Hutchison","1610612741","Chicago Bulls","4","2","1","Made Shot","Driving Floating Jump Shot","2PT Field Goal","Mid-Range","Left Side(L)","8-16 ft.","8","-81","16","1","1","20181117","CHI","TOR"
"Shot Chart Detail","0021800297","297","1628990","Chandler Hutchison","1610612741","Chicago Bulls","2","0","9","Made Shot","Putback Layup Shot","2PT Field Goal","Restricted Area","Center(C)","Less Than 8 ft.","0","0","-6","1","1","20181126","CHI","SAS"
"Shot Chart Detail","0021800297","435","1628990","Chandler Hutchison","1610612741","Chicago Bulls","3","2","7","Made Shot","Turnaround Jump Shot","2PT Field Goal","Mid-Range","Center(C)","8-16 ft.","15","0","159","1","1","20181126","CHI","SAS"
"Shot Chart Detail","0021800310","230","1628990","Chandler Hutchison","1610612741","Chicago Bulls","2","8","47","Missed Shot","Driving Layup Shot","2PT Field Goal","Restricted Area","Center(C)","Less Than 8 ft.","2","-5","22","1","0","20181128","MIL","CHI"
"Shot Chart Detail","0021800310","244","1628990","Chandler Hutchison","1610612741","Chicago Bulls","2","6","47","Missed Shot","Jump Shot","3PT Field Goal","Right Corner 3","Right Side(R)","24+ ft.","23","232","61","1","0","20181128","MIL","CHI"
"Shot Chart Detail","0021800310","472","1628990","Chandler Hutchison","1610612741","Chicago Bulls","3","2","34","Made Shot","Running Dunk Shot","2PT Field Goal","Restricted Area","Center(C)","Less Than 8 ft.","0","3","6","1","1","20181128","MIL","CHI"
"Shot Chart Detail","0021800321","122","1628990","Chandler Hutchison","1610612741","Chicago Bulls","1","1","30","Missed Shot","Floating Jump shot","2PT Field Goal","In The Paint (Non-RA)","Center(C)","Less Than 8 ft.","6","-45","48","1","0","20181130","DET","CHI"
"Shot Chart Detail","0021800321","446","1628990","Chandler Hutchison","1610612741","Chicago Bulls","3","0","30","Missed Shot","Jump Shot","3PT Field Goal","Above the Break 3","Left Side Center(LC)","24+ ft.","26","-160","205","1","0","20181130","DET","CHI"
"Shot Chart Detail","0021800321","450","1628990","Chandler Hutchison","1610612741","Chicago Bulls","3","0","7","Made Shot","Layup Shot","2PT Field Goal","Restricted Area","Center(C)","Less Than 8 ft.","0","0","-2","1","1","20181130","DET","CHI"
"Shot Chart Detail","0021800334","157","1628990","Chandler Hutchison","1610612741","Chicago Bulls","2","11","43","Missed Shot","Jump Shot","2PT Field Goal","Mid-Range","Left Side(L)","8-16 ft.","11","-98","57","1","0","20181201","HOU","CHI"
"Shot Chart Detail","0021800334","200","1628990","Chandler Hutchison","1610612741","Chicago Bulls","2","8","21","Missed Shot","Turnaround Bank Hook Shot","2PT Field Goal","Mid-Range","Right Side(R)","8-16 ft.","8","81","20","1","0","20181201","HOU","CHI"
"Shot Chart Detail","0021800334","273","1628990","Chandler Hutchison","1610612741","Chicago Bulls","2","6","20","Missed Shot","Tip Layup Shot","2PT Field Goal","Restricted Area","Center(C)","Less Than 8 ft.","1","17","4","1","0","20181201","HOU","CHI"
"Shot Chart Detail","0021800334","648","1628990","Chandler Hutchison","1610612741","Chicago Bulls","4","0","59","Made Shot","Driving Finger Roll Layup Shot","2PT Field Goal","Restricted Area","Center(C)","Less Than 8 ft.","3","-2","31","1","1","20181201","HOU","CHI"
"Shot Chart Detail","0021800350","236","1628990","Chandler Hutchison","1610612741","Chicago Bulls","2","5","13","Made Shot","Jump Shot","3PT Field Goal","Above the Break 3","Left Side Center(LC)","24+ ft.","26","-130","226","1","1","20181204","IND","CHI"
"Shot Chart Detail","0021800350","240","1628990","Chandler Hutchison","1610612741","Chicago Bulls","2","4","49","Missed Shot","Driving Layup Shot","2PT Field Goal","Restricted Area","Center(C)","Less Than 8 ft.","2","-3","26","1","0","20181204","IND","CHI"
"Shot Chart Detail","0021800350","441","1628990","Chandler Hutchison","1610612741","Chicago Bulls","3","1","3","Missed Shot","Driving Layup Shot","2PT Field Goal","Restricted Area","Center(C)","Less Than 8 ft.","2","-4","20","1","0","20181204","IND","CHI"
"Shot Chart Detail","0021800350","450","1628990","Chandler Hutchison","1610612741","Chicago Bulls","3","0","33","Missed Shot","Driving Layup Shot","2PT Field Goal","Restricted Area","Center(C)","Less Than 8 ft.","2","-16","16","1","0","20181204","IND","CHI"
"Shot Chart Detail","0021800373","535","1628990","Chandler Hutchison","1610612741","Chicago Bulls","4","11","0","Missed Shot","Driving Reverse Layup Shot","2PT Field Goal","Restricted Area","Center(C)","Less Than 8 ft.","2","-19","12","1","0","20181207","CHI","OKC"
"Shot Chart Detail","0021800373","591","1628990","Chandler Hutchison","1610612741","Chicago Bulls","4","7","8","Made Shot","Driving Layup Shot","2PT Field Goal","Restricted Area","Center(C)","Less Than 8 ft.","1","13","1","1","1","20181207","CHI","OKC"
"Shot Chart Detail","0021800383","69","1628990","Chandler Hutchison","1610612741","Chicago Bulls","1","5","56","Missed Shot","Driving Floating Jump Shot","2PT Field Goal","In The Paint (Non-RA)","Center(C)","Less Than 8 ft.","7","8","75","1","0","20181208","CHI","BOS"
"Shot Chart Detail","0021800383","116","1628990","Chandler Hutchison","1610612741","Chicago Bulls","1","1","35","Made Shot","Floating Jump shot","2PT Field Goal","In The Paint (Non-RA)","Center(C)","Less Than 8 ft.","6","-51","46","1","1","20181208","CHI","BOS"
"Shot Chart Detail","0021800383","556","1628990","Chandler Hutchison","1610612741","Chicago Bulls","4","3","19","Missed Shot","Jump Shot","3PT Field Goal","Above the Break 3","Right Side Center(RC)","24+ ft.","27","148","229","1","0","20181208","CHI","BOS"
"Shot Chart Detail","0021800394","606","1628990","Chandler Hutchison","1610612741","Chicago Bulls","4","0","38","Made Shot","Jump Shot","3PT Field Goal","Right Corner 3","Right Side(R)","24+ ft.","23","231","-3","1","1","20181210","CHI","SAC"
"Shot Chart Detail","0021800433","126","1628990","Chandler Hutchison","1610612741","Chicago Bulls","1","0","0","Missed Shot","Pullup Jump shot","2PT Field Goal","Mid-Range","Left Side(L)","8-16 ft.","15","-155","5","1","0","20181215","SAS","CHI"
"Shot Chart Detail","0021800433","162","1628990","Chandler Hutchison","1610612741","Chicago Bulls","2","9","20","Missed Shot","Driving Floating Jump Shot","2PT Field Goal","In The Paint (Non-RA)","Center(C)","Less Than 8 ft.","7","-34","69","1","0","20181215","SAS","CHI"
"Shot Chart Detail","0021800447","623","1628990","Chandler Hutchison","1610612741","Chicago Bulls","4","5","13","Missed Shot","Pullup Jump shot","2PT Field Goal","Mid-Range","Left Side(L)","8-16 ft.","12","-111","46","1","0","20181217","OKC","CHI"
"Shot Chart Detail","0021800447","650","1628990","Chandler Hutchison","1610612741","Chicago Bulls","4","3","5","Made Shot","Jump Shot","3PT Field Goal","Left Corner 3","Left Side(L)","24+ ft.","23","-234","13","1","1","20181217","OKC","CHI"
"Shot Chart Detail","0021800447","667","1628990","Chandler Hutchison","1610612741","Chicago Bulls","4","1","55","Missed Shot","Turnaround Jump Shot","2PT Field Goal","In The Paint (Non-RA)","Right Side(R)","8-16 ft.","8","49","70","1","0","20181217","OKC","CHI"
"Shot Chart Detail","0021800447","677","1628990","Chandler Hutchison","1610612741","Chicago Bulls","4","1","22","Made Shot","Jump Shot","3PT Field Goal","Left Corner 3","Left Side(L)","24+ ft.","23","-230","7","1","1","20181217","OKC","CHI"
"Shot Chart Detail","0021800460","109","1628990","Chandler Hutchison","1610612741","Chicago Bulls","1","2","32","Missed Shot","Turnaround Fadeaway shot","2PT Field Goal","Mid-Range","Right Side(R)","8-16 ft.","12","128","5","1","0","20181219","CHI","BKN"
"Shot Chart Detail","0021800460","155","1628990","Chandler Hutchison","1610612741","Chicago Bulls","2","9","21","Missed Shot","Jump Shot","3PT Field Goal","Above the Break 3","Right Side Center(RC)","24+ ft.","25","91","241","1","0","20181219","CHI","BKN"
"Shot Chart Detail","0021800460","161","1628990","Chandler Hutchison","1610612741","Chicago Bulls","2","8","48","Made Shot","Putback Layup Shot","2PT Field Goal","Restricted Area","Center(C)","Less Than 8 ft.","0","0","-6","1","1","20181219","CHI","BKN"
"Shot Chart Detail","0021800474","188","1628990","Chandler Hutchison","1610612741","Chicago Bulls","2","9","16","Missed Shot","Jump Shot","3PT Field Goal","Right Corner 3","Right Side(R)","24+ ft.","23","236","-11","1","0","20181221","CHI","ORL"
"Shot Chart Detail","0021800474","215","1628990","Chandler Hutchison","1610612741","Chicago Bulls","2","7","7","Made Shot","Running Dunk Shot","2PT Field Goal","Restricted Area","Center(C)","Less Than 8 ft.","1","6","8","1","1","20181221","CHI","ORL"
"Shot Chart Detail","0021800474","452","1628990","Chandler Hutchison","1610612741","Chicago Bulls","3","1","28","Missed Shot","Turnaround Jump Shot","2PT Field Goal","In The Paint (Non-RA)","Center(C)","8-16 ft.","9","31","92","1","0","20181221","CHI","ORL"
"Shot Chart Detail","0021800474","467","1628990","Chandler Hutchison","1610612741","Chicago Bulls","3","0","39","Missed Shot","Layup Shot","2PT Field Goal","Restricted Area","Center(C)","Less Than 8 ft.","2","-23","4","1","0","20181221","CHI","ORL"
"Shot Chart Detail","0021800490","381","1628990","Chandler Hutchison","1610612741","Chicago Bulls","3","4","43","Made Shot","Driving Layup Shot","2PT Field Goal","Restricted Area","Center(C)","Less Than 8 ft.","0","7","1","1","1","20181223","CLE","CHI"
"Shot Chart Detail","0021800490","400","1628990","Chandler Hutchison","1610612741","Chicago Bulls","3","2","57","Made Shot","Floating Jump shot","2PT Field Goal","Mid-Range","Right Side(R)","8-16 ft.","9","90","37","1","1","20181223","CLE","CHI"
"Shot Chart Detail","0021800490","518","1628990","Chandler Hutchison","1610612741","Chicago Bulls","4","5","16","Missed Shot","Driving Floating Jump Shot","2PT Field Goal","Mid-Range","Right Side(R)","8-16 ft.","10","84","55","1","0","20181223","CLE","CHI"
"Shot Chart Detail","0021800507","517","1628990","Chandler Hutchison","1610612741","Chicago Bulls","4","9","3","Made Shot","Driving Layup Shot","2PT Field Goal","Restricted Area","Center(C)","Less Than 8 ft.","1","11","4","1","1","20181226","CHI","MIN"
"Shot Chart Detail","0021800507","528","1628990","Chandler Hutchison","1610612741","Chicago Bulls","4","8","3","Missed Shot","Fadeaway Jump Shot","2PT Field Goal","In The Paint (Non-RA)","Left Side(L)","8-16 ft.","10","-60","91","1","0","20181226","CHI","MIN"
"Shot Chart Detail","0021800520","412","1628990","Chandler Hutchison","1610612741","Chicago Bulls","3","2","59","Made Shot","Driving Layup Shot","2PT Field Goal","Restricted Area","Center(C)","Less Than 8 ft.","3","8","29","1","1","20181228","WAS","CHI"
"Shot Chart Detail","0021800520","469","1628990","Chandler Hutchison","1610612741","Chicago Bulls","4","11","14","Made Shot","Layup Shot","2PT Field Goal","Restricted Area","Center(C)","Less Than 8 ft.","1","7","14","1","1","20181228","WAS","CHI"
"Shot Chart Detail","0021800538","97","1628990","Chandler Hutchison","1610612741","Chicago Bulls","1","3","21","Made Shot","Turnaround Bank Hook Shot","2PT Field Goal","In The Paint (Non-RA)","Center(C)","Less Than 8 ft.","5","-17","57","1","1","20181230","TOR","CHI"
"Shot Chart Detail","0021800538","105","1628990","Chandler Hutchison","1610612741","Chicago Bulls","1","2","22","Made Shot","Driving Reverse Layup Shot","2PT Field Goal","Restricted Area","Center(C)","Less Than 8 ft.","1","6","10","1","1","20181230","TOR","CHI"
"Shot Chart Detail","0021800538","134","1628990","Chandler Hutchison","1610612741","Chicago Bulls","2","11","45","Made Shot","Cutting Layup Shot","2PT Field Goal","Restricted Area","Center(C)","Less Than 8 ft.","0","-5","6","1","1","20181230","TOR","CHI"
"Shot Chart Detail","0021800538","402","1628990","Chandler Hutchison","1610612741","Chicago Bulls","3","2","31","Made Shot","Driving Finger Roll Layup Shot","2PT Field Goal","Restricted Area","Center(C)","Less Than 8 ft.","0","1","6","1","1","20181230","TOR","CHI"
"Shot Chart Detail","0021800538","427","1628990","Chandler Hutchison","1610612741","Chicago Bulls","3","0","14","Made Shot","Jump Shot","3PT Field Goal","Above the Break 3","Left Side Center(LC)","24+ ft.","25","-210","146","1","1","20181230","TOR","CHI"
"Shot Chart Detail","0021800559","365","1628990","Chandler Hutchison","1610612741","Chicago Bulls","3","4","41","Made Shot","Driving Layup Shot","2PT Field Goal","Restricted Area","Center(C)","Less Than 8 ft.","2","-22","-3","1","1","20190102","CHI","ORL"
"Shot Chart Detail","0021800559","401","1628990","Chandler Hutchison","1610612741","Chicago Bulls","3","1","45","Missed Shot","Driving Reverse Layup Shot","2PT Field Goal","In The Paint (Non-RA)","Center(C)","Less Than 8 ft.","5","51","2","1","0","20190102","CHI","ORL"
"Shot Chart Detail","0021800559","439","1628990","Chandler Hutchison","1610612741","Chicago Bulls","4","10","49","Made Shot","Driving Layup Shot","2PT Field Goal","Restricted Area","Center(C)","Less Than 8 ft.","0","6","6","1","1","20190102","CHI","ORL"
"Shot Chart Detail","0021800559","487","1628990","Chandler Hutchison","1610612741","Chicago Bulls","4","5","50","Missed Shot","Jump Shot","3PT Field Goal","Above the Break 3","Left Side Center(LC)","24+ ft.","26","-105","238","1","0","20190102","CHI","ORL"
"Shot Chart Detail","0021800559","508","1628990","Chandler Hutchison","1610612741","Chicago Bulls","4","4","21","Made Shot","Driving Floating Jump Shot","2PT Field Goal","Mid-Range","Right Side Center(RC)","16-24 ft.","16","60","159","1","1","20190102","CHI","ORL"
"Shot Chart Detail","0021800569","53","1628990","Chandler Hutchison","1610612741","Chicago Bulls","1","6","24","Missed Shot","Driving Layup Shot","2PT Field Goal","Restricted Area","Center(C)","Less Than 8 ft.","1","17","4","1","0","20190104","CHI","IND"
"Shot Chart Detail","0021800569","62","1628990","Chandler Hutchison","1610612741","Chicago Bulls","1","5","24","Made Shot","Pullup Jump shot","2PT Field Goal","Mid-Range","Right Side(R)","16-24 ft.","17","149","99","1","1","20190104","CHI","IND"
"Shot Chart Detail","0021800569","107","1628990","Chandler Hutchison","1610612741","Chicago Bulls","1","1","52","Missed Shot","Layup Shot","2PT Field Goal","Restricted Area","Center(C)","Less Than 8 ft.","1","-14","8","1","0","20190104","CHI","IND"
"Shot Chart Detail","0021800569","299","1628990","Chandler Hutchison","1610612741","Chicago Bulls","2","0","0","Missed Shot","Jump Shot","3PT Field Goal","Backcourt","Back Court(BC)","Back Court Shot","68","-158","671","1","0","20190104","CHI","IND"
"Shot Chart Detail","0021800569","334","1628990","Chandler Hutchison","1610612741","Chicago Bulls","3","9","34","Missed Shot","Jump Shot","2PT Field Goal","In The Paint (Non-RA)","Center(C)","Less Than 8 ft.","7","-7","73","1","0","20190104","CHI","IND"
"Shot Chart Detail","0021800569","348","1628990","Chandler Hutchison","1610612741","Chicago Bulls","3","7","22","Missed Shot","Jump Shot","3PT Field Goal","Right Corner 3","Right Side(R)","24+ ft.","22","223","25","1","0","20190104","CHI","IND"
"Shot Chart Detail","0021800569","366","1628990","Chandler Hutchison","1610612741","Chicago Bulls","3","5","40","Missed Shot","Driving Layup Shot","2PT Field Goal","Restricted Area","Center(C)","Less Than 8 ft.","1","-12","7","1","0","20190104","CHI","IND"
"Shot Chart Detail","0021800569","395","1628990","Chandler Hutchison","1610612741","Chicago Bulls","3","2","59","Made Shot","Cutting Dunk Shot","2PT Field Goal","Restricted Area","Center(C)","Less Than 8 ft.","1","-11","6","1","1","20190104","CHI","IND"
"Shot Chart Detail","0021800584","55","1628990","Chandler Hutchison","1610612741","Chicago Bulls","1","7","10","Missed Shot","Driving Layup Shot","2PT Field Goal","Restricted Area","Center(C)","Less Than 8 ft.","1","-9","17","1","0","20190106","CHI","BKN"
"Shot Chart Detail","0021800584","99","1628990","Chandler Hutchison","1610612741","Chicago Bulls","1","3","58","Missed Shot","Running Layup Shot","2PT Field Goal","Restricted Area","Center(C)","Less Than 8 ft.","0","-7","1","1","0","20190106","CHI","BKN"
"Shot Chart Detail","0021800584","335","1628990","Chandler Hutchison","1610612741","Chicago Bulls","3","10","19","Missed Shot","Floating Jump shot","2PT Field Goal","In The Paint (Non-RA)","Center(C)","8-16 ft.","13","66","121","1","0","20190106","CHI","BKN"
"Shot Chart Detail","0021800584","344","1628990","Chandler Hutchison","1610612741","Chicago Bulls","3","9","25","Made Shot","Driving Layup Shot","2PT Field Goal","Restricted Area","Center(C)","Less Than 8 ft.","2","-21","5","1","1","20190106","CHI","BKN"
"Shot Chart Detail","0021800584","361","1628990","Chandler Hutchison","1610612741","Chicago Bulls","3","7","8","Missed Shot","Cutting Finger Roll Layup Shot","2PT Field Goal","Restricted Area","Center(C)","Less Than 8 ft.","3","-3","35","1","0","20190106","CHI","BKN"
"Shot Chart Detail","0021800584","365","1628990","Chandler Hutchison","1610612741","Chicago Bulls","3","7","1","Made Shot","Driving Layup Shot","2PT Field Goal","Restricted Area","Center(C)","Less Than 8 ft.","1","17","5","1","1","20190106","CHI","BKN"
"Shot Chart Detail","0021800584","486","1628990","Chandler Hutchison","1610612741","Chicago Bulls","4","9","21","Missed Shot","Driving Hook Shot","2PT Field Goal","In The Paint (Non-RA)","Center(C)","Less Than 8 ft.","5","19","51","1","0","20190106","CHI","BKN"
"Shot Chart Detail","0021800584","573","1628990","Chandler Hutchison","1610612741","Chicago Bulls","4","3","7","Missed Shot","Hook Shot","2PT Field Goal","In The Paint (Non-RA)","Center(C)","8-16 ft.","8","35","73","1","0","20190106","CHI","BKN"
"Shot Chart Detail","0021800584","588","1628990","Chandler Hutchison","1610612741","Chicago Bulls","4","1","56","Made Shot","Hook Shot","2PT Field Goal","Restricted Area","Center(C)","Less Than 8 ft.","1","0","13","1","1","20190106","CHI","BKN"
"Shot Chart Detail","0021800584","591","1628990","Chandler Hutchison","1610612741","Chicago Bulls","4","1","31","Made Shot","Driving Finger Roll Layup Shot","2PT Field Goal","Restricted Area","Center(C)","Less Than 8 ft.","2","7","21","1","1","20190106","CHI","BKN"
"Shot Chart Detail","0021800615","37","1628990","Chandler Hutchison","1610612741","Chicago Bulls","1","8","15","Made Shot","Driving Reverse Layup Shot","2PT Field Goal","Restricted Area","Center(C)","Less Than 8 ft.","0","-6","4","1","1","20190109","POR","CHI"
"Shot Chart Detail","0021800615","254","1628990","Chandler Hutchison","1610612741","Chicago Bulls","2","1","56","Made Shot","Floating Jump shot","2PT Field Goal","In The Paint (Non-RA)","Center(C)","Less Than 8 ft.","5","-1","57","1","1","20190109","POR","CHI"
"Shot Chart Detail","0021800615","340","1628990","Chandler Hutchison","1610612741","Chicago Bulls","3","6","58","Missed Shot","Driving Reverse Layup Shot","2PT Field Goal","Restricted Area","Center(C)","Less Than 8 ft.","2","19","16","1","0","20190109","POR","CHI"
"Shot Chart Detail","0021800615","546","1628990","Chandler Hutchison","1610612741","Chicago Bulls","4","5","40","Missed Shot","Jump Shot","3PT Field Goal","Right Corner 3","Right Side(R)","24+ ft.","24","234","55","1","0","20190109","POR","CHI"
"Shot Chart Detail","0021800615","571","1628990","Chandler Hutchison","1610612741","Chicago Bulls","4","3","39","Made Shot","Running Layup Shot","2PT Field Goal","Restricted Area","Center(C)","Less Than 8 ft.","1","7","9","1","1","20190109","POR","CHI"
"Shot Chart Detail","0021800615","574","1628990","Chandler Hutchison","1610612741","Chicago Bulls","4","3","4","Missed Shot","Jump Shot","3PT Field Goal","Above the Break 3","Left Side Center(LC)","24+ ft.","24","-125","206","1","0","20190109","POR","CHI"
"Shot Chart Detail","0021800615","622","1628990","Chandler Hutchison","1610612741","Chicago Bulls","4","0","15","Missed Shot","Driving Floating Jump Shot","2PT Field Goal","In The Paint (Non-RA)","Center(C)","8-16 ft.","9","29","93","1","0","20190109","POR","CHI"
"Shot Chart Detail","0021800629","17","1628990","Chandler Hutchison","1610612741","Chicago Bulls","1","10","28","Missed Shot","Jump Shot","2PT Field Goal","In The Paint (Non-RA)","Center(C)","Less Than 8 ft.","5","47","27","1","0","20190111","GSW","CHI"
"Shot Chart Detail","0021800629","47","1628990","Chandler Hutchison","1610612741","Chicago Bulls","1","8","20","Made Shot","Driving Finger Roll Layup Shot","2PT Field Goal","In The Paint (Non-RA)","Center(C)","Less Than 8 ft.","5","4","50","1","1","20190111","GSW","CHI"
"Shot Chart Detail","0021800629","193","1628990","Chandler Hutchison","1610612741","Chicago Bulls","2","9","48","Made Shot","Putback Layup Shot","2PT Field Goal","Restricted Area","Center(C)","Less Than 8 ft.","2","-7","27","1","1","20190111","GSW","CHI"
"Shot Chart Detail","0021800629","344","1628990","Chandler Hutchison","1610612741","Chicago Bulls","3","11","18","Missed Shot","Hook Shot","2PT Field Goal","In The Paint (Non-RA)","Center(C)","8-16 ft.","9","3","95","1","0","20190111","GSW","CHI"
"Shot Chart Detail","0021800629","564","1628990","Chandler Hutchison","1610612741","Chicago Bulls","4","8","51","Missed Shot","Hook Shot","2PT Field Goal","In The Paint (Non-RA)","Right Side(R)","8-16 ft.","10","62","79","1","0","20190111","GSW","CHI"
"Shot Chart Detail","0021800629","625","1628990","Chandler Hutchison","1610612741","Chicago Bulls","4","4","8","Missed Shot","Jump Shot","3PT Field Goal","Left Corner 3","Left Side(L)","24+ ft.","22","-227","-5","1","0","20190111","GSW","CHI"
"Shot Chart Detail","0021800629","659","1628990","Chandler Hutchison","1610612741","Chicago Bulls","4","1","0","Made Shot","Running Dunk Shot","2PT Field Goal","Restricted Area","Center(C)","Less Than 8 ft.","2","2","21","1","1","20190111","GSW","CHI"
"Shot Chart Detail","0021800637","20","1628990","Chandler Hutchison","1610612741","Chicago Bulls","1","10","34","Missed Shot","Jump Shot","3PT Field Goal","Above the Break 3","Right Side Center(RC)","24+ ft.","25","174","181","1","0","20190112","UTA","CHI"
"Shot Chart Detail","0021800637","31","1628990","Chandler Hutchison","1610612741","Chicago Bulls","1","9","22","Missed Shot","Jump Shot","2PT Field Goal","In The Paint (Non-RA)","Center(C)","8-16 ft.","9","-38","84","1","0","20190112","UTA","CHI"
"Shot Chart Detail","0021800637","52","1628990","Chandler Hutchison","1610612741","Chicago Bulls","1","7","30","Made Shot","Cutting Dunk Shot","2PT Field Goal","Restricted Area","Center(C)","Less Than 8 ft.","2","21","13","1","1","20190112","UTA","CHI"
"Shot Chart Detail","0021800637","337","1628990","Chandler Hutchison","1610612741","Chicago Bulls","2","0","59","Missed Shot","Driving Layup Shot","2PT Field Goal","In The Paint (Non-RA)","Center(C)","Less Than 8 ft.","6","-54","41","1","0","20190112","UTA","CHI"
"Shot Chart Detail","0021800637","339","1628990","Chandler Hutchison","1610612741","Chicago Bulls","2","0","54","Made Shot","Jump Shot","3PT Field Goal","Left Corner 3","Left Side(L)","24+ ft.","24","-236","58","1","1","20190112","UTA","CHI"
"Shot Chart Detail","0021800637","398","1628990","Chandler Hutchison","1610612741","Chicago Bulls","3","7","53","Made Shot","Jump Shot","3PT Field Goal","Mid-Range","Left Side(L)","16-24 ft.","22","-218","50","1","1","20190112","UTA","CHI"
"Shot Chart Detail","0021800637","437","1628990","Chandler Hutchison","1610612741","Chicago Bulls","3","4","42","Made Shot","Running Layup Shot","2PT Field Goal","Restricted Area","Center(C)","Less Than 8 ft.","1","14","4","1","1","20190112","UTA","CHI"
"Shot Chart Detail","0021800656","13","1628990","Chandler Hutchison","1610612741","Chicago Bulls","1","10","50","Missed Shot","Jump Shot","3PT Field Goal","Above the Break 3","Right Side Center(RC)","24+ ft.","26","208","157","1","0","20190115","LAL","CHI"
"Shot Chart Detail","0021800656","72","1628990","Chandler Hutchison","1610612741","Chicago Bulls","1","5","23","Missed Shot","Driving Floating Jump Shot","2PT Field Goal","In The Paint (Non-RA)","Center(C)","Less Than 8 ft.","5","-6","59","1","0","20190115","LAL","CHI"
"Shot Chart Detail","0021800656","85","1628990","Chandler Hutchison","1610612741","Chicago Bulls","1","4","45","Made Shot","Running Layup Shot","2PT Field Goal","Restricted Area","Center(C)","Less Than 8 ft.","1","-4","11","1","1","20190115","LAL","CHI"
"Shot Chart Detail","0021800656","92","1628990","Chandler Hutchison","1610612741","Chicago Bulls","1","4","23","Made Shot","Running Finger Roll Layup Shot","2PT Field Goal","Restricted Area","Center(C)","Less Than 8 ft.","1","1","13","1","1","20190115","LAL","CHI"
"Shot Chart Detail","0021800656","101","1628990","Chandler Hutchison","1610612741","Chicago Bulls","1","3","46","Made Shot","Cutting Dunk Shot","2PT Field Goal","Restricted Area","Center(C)","Less Than 8 ft.","1","0","15","1","1","20190115","LAL","CHI"
"Shot Chart Detail","0021800656","305","1628990","Chandler Hutchison","1610612741","Chicago Bulls","2","0","35","Missed Shot","Driving Layup Shot","2PT Field Goal","In The Paint (Non-RA)","Center(C)","Less Than 8 ft.","4","1","40","1","0","20190115","LAL","CHI"
"Shot Chart Detail","0021800656","400","1628990","Chandler Hutchison","1610612741","Chicago Bulls","3","4","19","Missed Shot","Finger Roll Layup Shot","2PT Field Goal","Restricted Area","Center(C)","Less Than 8 ft.","1","-14","12","1","0","20190115","LAL","CHI"
"Shot Chart Detail","0021800656","402","1628990","Chandler Hutchison","1610612741","Chicago Bulls","3","4","15","Made Shot","Tip Layup Shot","2PT Field Goal","Restricted Area","Center(C)","Less Than 8 ft.","0","0","-6","1","1","20190115","LAL","CHI"
"Shot Chart Detail","0021800656","599","1628990","Chandler Hutchison","1610612741","Chicago Bulls","4","3","10","Made Shot","Cutting Dunk Shot","2PT Field Goal","Restricted Area","Center(C)","Less Than 8 ft.","0","-3","4","1","1","20190115","LAL","CHI"
"Shot Chart Detail","0021800669","35","1628990","Chandler Hutchison","1610612741","Chicago Bulls","1","9","17","Made Shot","Cutting Finger Roll Layup Shot","2PT Field Goal","Restricted Area","Center(C)","Less Than 8 ft.","2","25","11","1","1","20190117","DEN","CHI"
"Shot Chart Detail","0021800669","47","1628990","Chandler Hutchison","1610612741","Chicago Bulls","1","7","44","Made Shot","Driving Layup Shot","2PT Field Goal","In The Paint (Non-RA)","Center(C)","Less Than 8 ft.","6","-51","43","1","1","20190117","DEN","CHI"
"Shot Chart Detail","0021800669","72","1628990","Chandler Hutchison","1610612741","Chicago Bulls","1","5","22","Missed Shot","Driving Layup Shot","2PT Field Goal","Restricted Area","Center(C)","Less Than 8 ft.","3","33","13","1","0","20190117","DEN","CHI"
"Shot Chart Detail","0021800669","433","1628990","Chandler Hutchison","1610612741","Chicago Bulls","3","3","52","Made Shot","Reverse Layup Shot","2PT Field Goal","Restricted Area","Center(C)","Less Than 8 ft.","3","-30","6","1","1","20190117","DEN","CHI"
"Shot Chart Detail","0021800669","443","1628990","Chandler Hutchison","1610612741","Chicago Bulls","3","3","8","Made Shot","Hook Shot","2PT Field Goal","In The Paint (Non-RA)","Center(C)","8-16 ft.","8","24","85","1","1","20190117","DEN","CHI"
"Shot Chart Detail","0021800669","461","1628990","Chandler Hutchison","1610612741","Chicago Bulls","3","1","8","Missed Shot","Jump Shot","3PT Field Goal","Right Corner 3","Right Side(R)","24+ ft.","23","229","34","1","0","20190117","DEN","CHI"
"Shot Chart Detail","0021800669","563","1628990","Chandler Hutchison","1610612741","Chicago Bulls","4","5","16","Missed Shot","Driving Floating Jump Shot","2PT Field Goal","In The Paint (Non-RA)","Center(C)","Less Than 8 ft.","5","43","40","1","0","20190117","DEN","CHI"
"Shot Chart Detail","0021800669","588","1628990","Chandler Hutchison","1610612741","Chicago Bulls","4","3","52","Made Shot","Turnaround Jump Shot","2PT Field Goal","In The Paint (Non-RA)","Center(C)","Less Than 8 ft.","5","22","50","1","1","20190117","DEN","CHI"
"Shot Chart Detail","0021800669","623","1628990","Chandler Hutchison","1610612741","Chicago Bulls","4","0","46","Made Shot","Running Layup Shot","2PT Field Goal","Restricted Area","Center(C)","Less Than 8 ft.","2","23","14","1","1","20190117","DEN","CHI"
"Shot Chart Detail","0021800685","29","1628990","Chandler Hutchison","1610612741","Chicago Bulls","1","9","32","Missed Shot","Driving Reverse Layup Shot","2PT Field Goal","Restricted Area","Center(C)","Less Than 8 ft.","1","5","19","1","0","20190119","CHI","MIA"
"Shot Chart Detail","0021800685","49","1628990","Chandler Hutchison","1610612741","Chicago Bulls","1","8","20","Missed Shot","Layup Shot","2PT Field Goal","Restricted Area","Center(C)","Less Than 8 ft.","3","35","19","1","0","20190119","CHI","MIA"
"Shot Chart Detail","0021800685","617","1628990","Chandler Hutchison","1610612741","Chicago Bulls","4","3","45","Made Shot","Jump Shot","3PT Field Goal","Left Corner 3","Left Side(L)","24+ ft.","23","-230","-14","1","1","20190119","CHI","MIA"
"Shot Chart Detail","0021800685","623","1628990","Chandler Hutchison","1610612741","Chicago Bulls","4","3","12","Made Shot","Driving Layup Shot","2PT Field Goal","Restricted Area","Center(C)","Less Than 8 ft.","1","-9","8","1","1","20190119","CHI","MIA"
"Shot Chart Detail","0021800685","654","1628990","Chandler Hutchison","1610612741","Chicago Bulls","4","0","31","Missed Shot","Jump Shot","2PT Field Goal","Mid-Range","Left Side(L)","8-16 ft.","8","-81","17","1","0","20190119","CHI","MIA"
"Shot Chart Detail","0021800692","20","1628990","Chandler Hutchison","1610612741","Chicago Bulls","1","10","53","Missed Shot","Running Layup Shot","2PT Field Goal","Restricted Area","Center(C)","Less Than 8 ft.","2","14","17","1","0","20190121","CLE","CHI"
"Shot Chart Detail","0021800692","105","1628990","Chandler Hutchison","1610612741","Chicago Bulls","1","3","10","Made Shot","Jump Shot","3PT Field Goal","Left Corner 3","Left Side(L)","24+ ft.","23","-237","7","1","1","20190121","CLE","CHI"
"Shot Chart Detail","0021800692","317","1628990","Chandler Hutchison","1610612741","Chicago Bulls","3","9","56","Made Shot","Driving Layup Shot","2PT Field Goal","In The Paint (Non-RA)","Left Side(L)","8-16 ft.","8","-65","61","1","1","20190121","CLE","CHI"
"Shot Chart Detail","0021800712","7","1628990","Chandler Hutchison","1610612741","Chicago Bulls","1","11","43","Missed Shot","Jump Shot","3PT Field Goal","Left Corner 3","Left Side(L)","24+ ft.","22","-226","-12","1","0","20190123","CHI","ATL"
"Shot Chart Detail","0021800712","26","1628990","Chandler Hutchison","1610612741","Chicago Bulls","1","10","14","Made Shot","Alley Oop Dunk Shot","2PT Field Goal","Restricted Area","Center(C)","Less Than 8 ft.","0","6","3","1","1","20190123","CHI","ATL"
"Shot Chart Detail","0021800712","35","1628990","Chandler Hutchison","1610612741","Chicago Bulls","1","9","16","Made Shot","Running Layup Shot","2PT Field Goal","Restricted Area","Center(C)","Less Than 8 ft.","0","8","5","1","1","20190123","CHI","ATL"
"Shot Chart Detail","0021800712","291","1628990","Chandler Hutchison","1610612741","Chicago Bulls","2","3","59","Missed Shot","Reverse Layup Shot","2PT Field Goal","Restricted Area","Center(C)","Less Than 8 ft.","0","-4","0","1","0","20190123","CHI","ATL"
"Shot Chart Detail","0021800712","309","1628990","Chandler Hutchison","1610612741","Chicago Bulls","2","3","26","Made Shot","Running Dunk Shot","2PT Field Goal","Restricted Area","Center(C)","Less Than 8 ft.","0","2","9","1","1","20190123","CHI","ATL"
"Shot Chart Detail","0021800723","37","1628990","Chandler Hutchison","1610612741","Chicago Bulls","1","9","46","Missed Shot","Driving Layup Shot","2PT Field Goal","Restricted Area","Center(C)","Less Than 8 ft.","1","-18","4","1","0","20190125","CHI","LAC"
"Shot Chart Detail","0021800723","83","1628990","Chandler Hutchison","1610612741","Chicago Bulls","1","5","34","Made Shot","Driving Dunk Shot","2PT Field Goal","Restricted Area","Center(C)","Less Than 8 ft.","0","-2","8","1","1","20190125","CHI","LAC"
"Shot Chart Detail","0021800723","203","1628990","Chandler Hutchison","1610612741","Chicago Bulls","2","10","17","Made Shot","Jump Shot","2PT Field Goal","Mid-Range","Right Side(R)","8-16 ft.","9","89","30","1","1","20190125","CHI","LAC"
"Shot Chart Detail","0021800723","217","1628990","Chandler Hutchison","1610612741","Chicago Bulls","2","9","16","Made Shot","Jump Shot","3PT Field Goal","Right Corner 3","Right Side(R)","24+ ft.","24","225","87","1","1","20190125","CHI","LAC"
"Shot Chart Detail","0021800723","237","1628990","Chandler Hutchison","1610612741","Chicago Bulls","2","7","59","Made Shot","Running Jump Shot","2PT Field Goal","In The Paint (Non-RA)","Center(C)","Less Than 8 ft.","6","-33","56","1","1","20190125","CHI","LAC"
"Shot Chart Detail","0021800723","249","1628990","Chandler Hutchison","1610612741","Chicago Bulls","2","7","18","Missed Shot","Jump Shot","3PT Field Goal","Above the Break 3","Left Side Center(LC)","24+ ft.","25","-141","212","1","0","20190125","CHI","LAC"
"Shot Chart Detail","0021800723","297","1628990","Chandler Hutchison","1610612741","Chicago Bulls","2","2","2","Made Shot","Layup Shot","2PT Field Goal","Restricted Area","Center(C)","Less Than 8 ft.","1","19","6","1","1","20190125","CHI","LAC"
"Shot Chart Detail","0021800723","319","1628990","Chandler Hutchison","1610612741","Chicago Bulls","2","0","38","Missed Shot","Tip Layup Shot","2PT Field Goal","Restricted Area","Center(C)","Less Than 8 ft.","2","3","23","1","0","20190125","CHI","LAC"
"Shot Chart Detail","0021800723","314","1628990","Chandler Hutchison","1610612741","Chicago Bulls","2","0","8","Missed Shot","Jump Shot","3PT Field Goal","Above the Break 3","Right Side Center(RC)","24+ ft.","25","210","148","1","0","20190125","CHI","LAC"
"Shot Chart Detail","0021800723","344","1628990","Chandler Hutchison","1610612741","Chicago Bulls","3","9","50","Missed Shot","Jump Shot","3PT Field Goal","Right Corner 3","Right Side(R)","24+ ft.","22","225","-3","1","0","20190125","CHI","LAC"
"Shot Chart Detail","0021800723","532","1628990","Chandler Hutchison","1610612741","Chicago Bulls","4","9","9","Missed Shot","Driving Layup Shot","2PT Field Goal","Restricted Area","Center(C)","Less Than 8 ft.","0","4","1","1","0","20190125","CHI","LAC"
"Shot Chart Detail","0021800723","550","1628990","Chandler Hutchison","1610612741","Chicago Bulls","4","7","43","Missed Shot","Cutting Layup Shot","2PT Field Goal","Restricted Area","Center(C)","Less Than 8 ft.","3","-22","27","1","0","20190125","CHI","LAC"
"Shot Chart Detail","0021800723","566","1628990","Chandler Hutchison","1610612741","Chicago Bulls","4","7","7","Missed Shot","Step Back Jump shot","3PT Field Goal","Above the Break 3","Center(C)","24+ ft.","25","44","253","1","0","20190125","CHI","LAC"
"Shot Chart Detail","0021800723","600","1628990","Chandler Hutchison","1610612741","Chicago Bulls","4","3","56","Missed Shot","Jump Shot","3PT Field Goal","Left Corner 3","Left Side(L)","24+ ft.","22","-224","-17","1","0","20190125","CHI","LAC"
"Shot Chart Detail","0021800723","634","1628990","Chandler Hutchison","1610612741","Chicago Bulls","4","0","48","Missed Shot","Jump Shot","3PT Field Goal","Left Corner 3","Left Side(L)","24+ ft.","24","-237","42","1","0","20190125","CHI","LAC"
"Shot Chart Detail","0021900100","664","1628990","Chandler Hutchison","1610612741","Chicago Bulls","4","0","53","Made Shot","Driving Layup Shot","2PT Field Goal","Restricted Area","Center(C)","Less Than 8 ft.","1","-6","13","1","1","20191105","CHI","LAL"
"Shot Chart Detail","0021900100","673","1628990","Chandler Hutchison","1610612741","Chicago Bulls","4","0","18","Made Shot","Jump Shot","3PT Field Goal","Above the Break 3","Left Side Center(LC)","24+ ft.","25","-183","175","1","1","20191105","CHI","LAL"
"Shot Chart Detail","0021900105","134","1628990","Chandler Hutchison","1610612741","Chicago Bulls","1","1","48","Missed Shot","Driving Layup Shot","2PT Field Goal","Restricted Area","Center(C)","Less Than 8 ft.","2","-8","21","1","0","20191106","ATL","CHI"
"Shot Chart Detail","0021900105","175","1628990","Chandler Hutchison","1610612741","Chicago Bulls","2","11","41","Missed Shot","Jump Shot","3PT Field Goal","Left Corner 3","Left Side(L)","24+ ft.","23","-234","12","1","0","20191106","ATL","CHI"
"Shot Chart Detail","0021900105","222","1628990","Chandler Hutchison","1610612741","Chicago Bulls","2","8","33","Missed Shot","Running Layup Shot","2PT Field Goal","Restricted Area","Center(C)","Less Than 8 ft.","1","-6","10","1","0","20191106","ATL","CHI"
"Shot Chart Detail","0021900105","231","1628990","Chandler Hutchison","1610612741","Chicago Bulls","2","7","48","Missed Shot","Cutting Dunk Shot","2PT Field Goal","Restricted Area","Center(C)","Less Than 8 ft.","1","-2","10","1","0","20191106","ATL","CHI"
"Shot Chart Detail","0021900105","628","1628990","Chandler Hutchison","1610612741","Chicago Bulls","4","9","0","Made Shot","Cutting Dunk Shot","2PT Field Goal","Restricted Area","Center(C)","Less Than 8 ft.","0","2","9","1","1","20191106","ATL","CHI"
"Shot Chart Detail","0021900105","670","1628990","Chandler Hutchison","1610612741","Chicago Bulls","4","6","2","Made Shot","Driving Layup Shot","2PT Field Goal","Restricted Area","Center(C)","Less Than 8 ft.","1","9","15","1","1","20191106","ATL","CHI"
"Shot Chart Detail","0021900129","41","1628990","Chandler Hutchison","1610612741","Chicago Bulls","1","9","31","Made Shot","Running Dunk Shot","2PT Field Goal","Restricted Area","Center(C)","Less Than 8 ft.","1","1","11","1","1","20191109","CHI","HOU"
"Shot Chart Detail","0021900129","71","1628990","Chandler Hutchison","1610612741","Chicago Bulls","1","6","58","Missed Shot","Driving Reverse Layup Shot","2PT Field Goal","Restricted Area","Center(C)","Less Than 8 ft.","3","-30","20","1","0","20191109","CHI","HOU"
"Shot Chart Detail","0021900129","218","1628990","Chandler Hutchison","1610612741","Chicago Bulls","2","8","29","Made Shot","Driving Dunk Shot","2PT Field Goal","Restricted Area","Center(C)","Less Than 8 ft.","0","0","3","1","1","20191109","CHI","HOU"
"Shot Chart Detail","0021900129","222","1628990","Chandler Hutchison","1610612741","Chicago Bulls","2","8","18","Made Shot","Running Dunk Shot","2PT Field Goal","Restricted Area","Center(C)","Less Than 8 ft.","0","-4","3","1","1","20191109","CHI","HOU"
"Shot Chart Detail","0021900129","226","1628990","Chandler Hutchison","1610612741","Chicago Bulls","2","7","31","Missed Shot","Cutting Dunk Shot","2PT Field Goal","Restricted Area","Center(C)","Less Than 8 ft.","1","-8","9","1","0","20191109","CHI","HOU"
"Shot Chart Detail","0021900129","390","1628990","Chandler Hutchison","1610612741","Chicago Bulls","3","9","20","Missed Shot","Jump Shot","3PT Field Goal","Left Corner 3","Left Side(L)","24+ ft.","23","-235","-21","1","0","20191109","CHI","HOU"
"Shot Chart Detail","0021900129","537","1628990","Chandler Hutchison","1610612741","Chicago Bulls","4","11","46","Made Shot","Jump Shot","3PT Field Goal","Above the Break 3","Right Side Center(RC)","24+ ft.","24","140","204","1","1","20191109","CHI","HOU"
"Shot Chart Detail","0021900129","547","1628990","Chandler Hutchison","1610612741","Chicago Bulls","4","11","17","Made Shot","Running Layup Shot","2PT Field Goal","Restricted Area","Center(C)","Less Than 8 ft.","1","13","-3","1","1","20191109","CHI","HOU"
"Shot Chart Detail","0021900129","576","1628990","Chandler Hutchison","1610612741","Chicago Bulls","4","9","33","Made Shot","Running Dunk Shot","2PT Field Goal","Restricted Area","Center(C)","Less Than 8 ft.","0","5","6","1","1","20191109","CHI","HOU"
"Shot Chart Detail","0021900129","609","1628990","Chandler Hutchison","1610612741","Chicago Bulls","4","7","5","Missed Shot","Driving Floating Jump Shot","2PT Field Goal","In The Paint (Non-RA)","Center(C)","Less Than 8 ft.","4","41","27","1","0","20191109","CHI","HOU"
"Shot Chart Detail","0021900149","265","1628990","Chandler Hutchison","1610612741","Chicago Bulls","2","6","44","Made Shot","Jump Shot","3PT Field Goal","Left Corner 3","Left Side(L)","24+ ft.","23","-223","57","1","1","20191112","CHI","NYK"
"Shot Chart Detail","0021900149","314","1628990","Chandler Hutchison","1610612741","Chicago Bulls","2","2","59","Missed Shot","Driving Layup Shot","2PT Field Goal","Restricted Area","Center(C)","Less Than 8 ft.","1","-16","4","1","0","20191112","CHI","NYK"
"Shot Chart Detail","0021900149","382","1628990","Chandler Hutchison","1610612741","Chicago Bulls","3","11","26","Made Shot","Driving Layup Shot","2PT Field Goal","Restricted Area","Center(C)","Less Than 8 ft.","1","-18","1","1","1","20191112","CHI","NYK"
"Shot Chart Detail","0021900149","415","1628990","Chandler Hutchison","1610612741","Chicago Bulls","3","8","19","Missed Shot","Layup Shot","2PT Field Goal","Restricted Area","Center(C)","Less Than 8 ft.","0","-1","7","1","0","20191112","CHI","NYK"
"Shot Chart Detail","0021900163","52","1628990","Chandler Hutchison","1610612741","Chicago Bulls","1","8","1","Missed Shot","Floating Jump shot","2PT Field Goal","Mid-Range","Left Side(L)","8-16 ft.","8","-87","3","1","0","20191114","MIL","CHI"
"Shot Chart Detail","0021900163","275","1628990","Chandler Hutchison","1610612741","Chicago Bulls","2","6","14","Missed Shot","Jump Shot","2PT Field Goal","In The Paint (Non-RA)","Center(C)","8-16 ft.","13","-24","136","1","0","20191114","MIL","CHI"
"Shot Chart Detail","0021900163","305","1628990","Chandler Hutchison","1610612741","Chicago Bulls","2","4","42","Made Shot","Running Pull-Up Jump Shot","2PT Field Goal","In The Paint (Non-RA)","Center(C)","8-16 ft.","9","16","94","1","1","20191114","MIL","CHI"
"Shot Chart Detail","0021900163","412","1628990","Chandler Hutchison","1610612741","Chicago Bulls","3","9","45","Made Shot","Running Layup Shot","2PT Field Goal","Restricted Area","Center(C)","Less Than 8 ft.","1","5","16","1","1","20191114","MIL","CHI"
"Shot Chart Detail","0021900163","461","1628990","Chandler Hutchison","1610612741","Chicago Bulls","3","7","11","Missed Shot","Jump Shot","3PT Field Goal","Above the Break 3","Left Side Center(LC)","24+ ft.","25","-217","138","1","0","20191114","MIL","CHI"
"Shot Chart Detail","0021900163","469","1628990","Chandler Hutchison","1610612741","Chicago Bulls","3","6","43","Missed Shot","Driving Floating Jump Shot","2PT Field Goal","In The Paint (Non-RA)","Center(C)","Less Than 8 ft.","7","75","25","1","0","20191114","MIL","CHI"
"Shot Chart Detail","0021900175","293","1628990","Chandler Hutchison","1610612741","Chicago Bulls","2","5","20","Missed Shot","Driving Floating Jump Shot","2PT Field Goal","In The Paint (Non-RA)","Center(C)","Less Than 8 ft.","4","-23","38","1","0","20191116","CHI","BKN"
"Shot Chart Detail","0021900175","315","1628990","Chandler Hutchison","1610612741","Chicago Bulls","2","4","21","Missed Shot","Driving Layup Shot","2PT Field Goal","Restricted Area","Center(C)","Less Than 8 ft.","2","6","20","1","0","20191116","CHI","BKN"
"Shot Chart Detail","0021900175","415","1628990","Chandler Hutchison","1610612741","Chicago Bulls","3","9","55","Made Shot","Driving Layup Shot","2PT Field Goal","Restricted Area","Center(C)","Less Than 8 ft.","2","-11","17","1","1","20191116","CHI","BKN"
"Shot Chart Detail","0021900175","595","1628990","Chandler Hutchison","1610612741","Chicago Bulls","4","10","14","Made Shot","Driving Floating Jump Shot","2PT Field Goal","Restricted Area","Center(C)","Less Than 8 ft.","2","7","22","1","1","20191116","CHI","BKN"
"Shot Chart Detail","0021900175","603","1628990","Chandler Hutchison","1610612741","Chicago Bulls","4","9","41","Missed Shot","Jump Shot","3PT Field Goal","Left Corner 3","Left Side(L)","24+ ft.","22","-223","-6","1","0","20191116","CHI","BKN"
"Shot Chart Detail","0021900175","659","1628990","Chandler Hutchison","1610612741","Chicago Bulls","4","5","34","Missed Shot","Jump Shot","3PT Field Goal","Left Corner 3","Left Side(L)","24+ ft.","22","-227","3","1","0","20191116","CHI","BKN"
"Shot Chart Detail","0021900192","34","1628990","Chandler Hutchison","1610612741","Chicago Bulls","1","9","3","Missed Shot","Driving Floating Jump Shot","2PT Field Goal","In The Paint (Non-RA)","Center(C)","Less Than 8 ft.","4","-12","42","1","0","20191118","CHI","MIL"
"Shot Chart Detail","0021900192","188","1628990","Chandler Hutchison","1610612741","Chicago Bulls","2","9","42","Made Shot","Driving Floating Jump Shot","2PT Field Goal","In The Paint (Non-RA)","Center(C)","8-16 ft.","10","-18","101","1","1","20191118","CHI","MIL"
"Shot Chart Detail","0021900192","235","1628990","Chandler Hutchison","1610612741","Chicago Bulls","2","6","31","Made Shot","Jump Shot","3PT Field Goal","Left Corner 3","Left Side(L)","24+ ft.","23","-231","-17","1","1","20191118","CHI","MIL"
"Shot Chart Detail","0021900192","286","1628990","Chandler Hutchison","1610612741","Chicago Bulls","2","3","5","Missed Shot","Jump Shot","2PT Field Goal","Mid-Range","Center(C)","8-16 ft.","15","-18","149","1","0","20191118","CHI","MIL"
"Shot Chart Detail","0021900192","393","1628990","Chandler Hutchison","1610612741","Chicago Bulls","3","6","45","Missed Shot","Jump Shot","3PT Field Goal","Above the Break 3","Right Side Center(RC)","24+ ft.","25","83","241","1","0","20191118","CHI","MIL"
"Shot Chart Detail","0021900192","558","1628990","Chandler Hutchison","1610612741","Chicago Bulls","4","9","28","Missed Shot","Driving Reverse Layup Shot","2PT Field Goal","Restricted Area","Center(C)","Less Than 8 ft.","1","18","4","1","0","20191118","CHI","MIL"
"Shot Chart Detail","0021900192","564","1628990","Chandler Hutchison","1610612741","Chicago Bulls","4","9","19","Missed Shot","Jump Shot","3PT Field Goal","Right Corner 3","Right Side(R)","24+ ft.","24","242","17","1","0","20191118","CHI","MIL"
"Shot Chart Detail","0021900192","569","1628990","Chandler Hutchison","1610612741","Chicago Bulls","4","8","51","Missed Shot","Running Layup Shot","2PT Field Goal","In The Paint (Non-RA)","Center(C)","Less Than 8 ft.","4","41","24","1","0","20191118","CHI","MIL"
"Shot Chart Detail","0021900247","595","1628990","Chandler Hutchison","1610612741","Chicago Bulls","4","5","4","Made Shot","Layup Shot","2PT Field Goal","Restricted Area","Center(C)","Less Than 8 ft.","2","-2","20","1","1","20191125","CHI","POR"
"Shot Chart Detail","0021900247","666","1628990","Chandler Hutchison","1610612741","Chicago Bulls","4","0","19","Made Shot","Jump Shot","3PT Field Goal","Right Corner 3","Right Side(R)","24+ ft.","22","228","-3","1","1","20191125","CHI","POR"
"Shot Chart Detail","0021900560","144","1628990","Chandler Hutchison","1610612741","Chicago Bulls","1","0","40","Missed Shot","Layup Shot","2PT Field Goal","Restricted Area","Center(C)","Less Than 8 ft.","2","17","24","1","0","20200108","NOP","CHI"
"Shot Chart Detail","0021900560","173","1628990","Chandler Hutchison","1610612741","Chicago Bulls","2","10","54","Missed Shot","Layup Shot","2PT Field Goal","Restricted Area","Center(C)","Less Than 8 ft.","2","-20","5","1","0","20200108","NOP","CHI"
"Shot Chart Detail","0021900560","200","1628990","Chandler Hutchison","1610612741","Chicago Bulls","2","9","41","Missed Shot","Layup Shot","2PT Field Goal","Restricted Area","Center(C)","Less Than 8 ft.","0","-2","5","1","0","20200108","NOP","CHI"
"Shot Chart Detail","0021900560","645","1628990","Chandler Hutchison","1610612741","Chicago Bulls","4","2","18","Missed Shot","Jump Shot","2PT Field Goal","Mid-Range","Left Side(L)","8-16 ft.","13","-123","49","1","0","20200108","NOP","CHI"
"Shot Chart Detail","0021900570","129","1628990","Chandler Hutchison","1610612741","Chicago Bulls","1","1","25","Made Shot","Cutting Layup Shot","2PT Field Goal","Restricted Area","Center(C)","Less Than 8 ft.","2","18","16","1","1","20200110","CHI","IND"
"Shot Chart Detail","0021900570","136","1628990","Chandler Hutchison","1610612741","Chicago Bulls","1","0","52","Missed Shot","Jump Shot","3PT Field Goal","Left Corner 3","Left Side(L)","24+ ft.","22","-226","11","1","0","20200110","CHI","IND"
"Shot Chart Detail","0021900570","170","1628990","Chandler Hutchison","1610612741","Chicago Bulls","2","10","35","Missed Shot","Driving Layup Shot","2PT Field Goal","Restricted Area","Center(C)","Less Than 8 ft.","1","18","6","1","0","20200110","CHI","IND"
"Shot Chart Detail","0021900579","189","1628990","Chandler Hutchison","1610612741","Chicago Bulls","2","10","5","Made Shot","Driving Layup Shot","2PT Field Goal","Restricted Area","Center(C)","Less Than 8 ft.","1","-18","5","1","1","20200111","DET","CHI"
"Shot Chart Detail","0021900579","214","1628990","Chandler Hutchison","1610612741","Chicago Bulls","2","8","43","Missed Shot","Jump Shot","2PT Field Goal","In The Paint (Non-RA)","Center(C)","Less Than 8 ft.","6","56","37","1","0","20200111","DET","CHI"
"Shot Chart Detail","0021900579","512","1628990","Chandler Hutchison","1610612741","Chicago Bulls","4","9","59","Made Shot","Jump Shot","3PT Field Goal","Left Corner 3","Left Side(L)","24+ ft.","23","-235","41","1","1","20200111","DET","CHI"
"Shot Chart Detail","0021900593","131","1628990","Chandler Hutchison","1610612741","Chicago Bulls","1","2","26","Missed Shot","Driving Finger Roll Layup Shot","2PT Field Goal","In The Paint (Non-RA)","Center(C)","Less Than 8 ft.","4","-35","20","1","0","20200113","BOS","CHI"
"Shot Chart Detail","0021900593","170","1628990","Chandler Hutchison","1610612741","Chicago Bulls","2","11","45","Missed Shot","Driving Layup Shot","2PT Field Goal","Restricted Area","Center(C)","Less Than 8 ft.","3","-25","25","1","0","20200113","BOS","CHI"
"Shot Chart Detail","0021900593","482","1628990","Chandler Hutchison","1610612741","Chicago Bulls","4","10","5","Missed Shot","Running Layup Shot","2PT Field Goal","Restricted Area","Center(C)","Less Than 8 ft.","2","27","12","1","0","20200113","BOS","CHI"
"Shot Chart Detail","0021900593","495","1628990","Chandler Hutchison","1610612741","Chicago Bulls","4","9","35","Made Shot","Running Finger Roll Layup Shot","2PT Field Goal","Restricted Area","Center(C)","Less Than 8 ft.","0","8","5","1","1","20200113","BOS","CHI"
"Shot Chart Detail","0021900593","510","1628990","Chandler Hutchison","1610612741","Chicago Bulls","4","8","15","Missed Shot","Driving Floating Jump Shot","2PT Field Goal","In The Paint (Non-RA)","Left Side(L)","8-16 ft.","9","-50","79","1","0","20200113","BOS","CHI"
"Shot Chart Detail","0021900607","150","1628990","Chandler Hutchison","1610612741","Chicago Bulls","2","11","45","Made Shot","Dunk Shot","2PT Field Goal","Restricted Area","Center(C)","Less Than 8 ft.","1","7","14","1","1","20200115","CHI","WAS"
"Shot Chart Detail","0021900607","154","1628990","Chandler Hutchison","1610612741","Chicago Bulls","2","11","10","Made Shot","Driving Layup Shot","2PT Field Goal","Restricted Area","Center(C)","Less Than 8 ft.","1","13","15","1","1","20200115","CHI","WAS"
"Shot Chart Detail","0021900607","439","1628990","Chandler Hutchison","1610612741","Chicago Bulls","3","2","48","Made Shot","Driving Layup Shot","2PT Field Goal","Restricted Area","Center(C)","Less Than 8 ft.","1","-13","0","1","1","20200115","CHI","WAS"
"Shot Chart Detail","0021900607","456","1628990","Chandler Hutchison","1610612741","Chicago Bulls","3","0","49","Missed Shot","Driving Reverse Layup Shot","2PT Field Goal","Restricted Area","Center(C)","Less Than 8 ft.","0","8","1","1","0","20200115","CHI","WAS"
"Shot Chart Detail","0021900607","472","1628990","Chandler Hutchison","1610612741","Chicago Bulls","4","11","31","Made Shot","Turnaround Hook Shot","2PT Field Goal","In The Paint (Non-RA)","Center(C)","Less Than 8 ft.","5","19","48","1","1","20200115","CHI","WAS"
"Shot Chart Detail","0021900607","475","1628990","Chandler Hutchison","1610612741","Chicago Bulls","4","11","3","Missed Shot","Driving Layup Shot","2PT Field Goal","Restricted Area","Center(C)","Less Than 8 ft.","1","-8","8","1","0","20200115","CHI","WAS"
"Shot Chart Detail","0021900607","498","1628990","Chandler Hutchison","1610612741","Chicago Bulls","4","9","4","Made Shot","Driving Dunk Shot","2PT Field Goal","Restricted Area","Center(C)","Less Than 8 ft.","0","-2","6","1","1","20200115","CHI","WAS"
"Shot Chart Detail","0021900620","86","1628990","Chandler Hutchison","1610612741","Chicago Bulls","1","5","6","Made Shot","Running Finger Roll Layup Shot","2PT Field Goal","Restricted Area","Center(C)","Less Than 8 ft.","1","-11","10","1","1","20200117","PHI","CHI"
"Shot Chart Detail","0021900620","179","1628990","Chandler Hutchison","1610612741","Chicago Bulls","2","9","58","Missed Shot","Driving Floating Jump Shot","2PT Field Goal","In The Paint (Non-RA)","Center(C)","Less Than 8 ft.","7","16","69","1","0","20200117","PHI","CHI"
"Shot Chart Detail","0021900620","429","1628990","Chandler Hutchison","1610612741","Chicago Bulls","3","1","13","Made Shot","Jump Shot","3PT Field Goal","Right Corner 3","Right Side(R)","24+ ft.","23","224","72","1","1","20200117","PHI","CHI"
"Shot Chart Detail","0021900620","471","1628990","Chandler Hutchison","1610612741","Chicago Bulls","4","10","58","Missed Shot","Driving Layup Shot","2PT Field Goal","In The Paint (Non-RA)","Center(C)","Less Than 8 ft.","5","46","38","1","0","20200117","PHI","CHI"
"Shot Chart Detail","0021900620","485","1628990","Chandler Hutchison","1610612741","Chicago Bulls","4","9","34","Made Shot","Driving Layup Shot","2PT Field Goal","Restricted Area","Center(C)","Less Than 8 ft.","0","3","9","1","1","20200117","PHI","CHI"
"Shot Chart Detail","0021900620","514","1628990","Chandler Hutchison","1610612741","Chicago Bulls","4","7","46","Missed Shot","Floating Jump shot","2PT Field Goal","In The Paint (Non-RA)","Center(C)","Less Than 8 ft.","4","13","41","1","0","20200117","PHI","CHI"
"Shot Chart Detail","0021900620","517","1628990","Chandler Hutchison","1610612741","Chicago Bulls","4","7","41","Missed Shot","Jump Shot","3PT Field Goal","Right Corner 3","Right Side(R)","24+ ft.","23","226","58","1","0","20200117","PHI","CHI"
"Shot Chart Detail","0021900631","178","1628990","Chandler Hutchison","1610612741","Chicago Bulls","2","9","56","Made Shot","Driving Floating Bank Jump Shot","2PT Field Goal","In The Paint (Non-RA)","Center(C)","Less Than 8 ft.","4","-33","29","1","1","20200118","CHI","CLE"
"Shot Chart Detail","0021900631","611","1628990","Chandler Hutchison","1610612741","Chicago Bulls","4","1","14","Missed Shot","Dunk Shot","2PT Field Goal","Restricted Area","Center(C)","Less Than 8 ft.","1","-14","11","1","0","20200118","CHI","CLE"
"Shot Chart Detail","0021900647","206","1628990","Chandler Hutchison","1610612741","Chicago Bulls","2","9","24","Made Shot","Jump Shot","3PT Field Goal","Left Corner 3","Left Side(L)","24+ ft.","23","-234","33","1","1","20200120","MIL","CHI"
"Shot Chart Detail","0021900647","210","1628990","Chandler Hutchison","1610612741","Chicago Bulls","2","8","51","Missed Shot","Driving Layup Shot","2PT Field Goal","Restricted Area","Center(C)","Less Than 8 ft.","2","-20","8","1","0","20200120","MIL","CHI"
"Shot Chart Detail","0021900647","332","1628990","Chandler Hutchison","1610612741","Chicago Bulls","2","0","45","Made Shot","Driving Layup Shot","2PT Field Goal","Restricted Area","Center(C)","Less Than 8 ft.","1","-8","12","1","1","20200120","MIL","CHI"
"Shot Chart Detail","0021900647","572","1628990","Chandler Hutchison","1610612741","Chicago Bulls","4","8","54","Made Shot","Putback Layup Shot","2PT Field Goal","Restricted Area","Center(C)","Less Than 8 ft.","1","-4","17","1","1","20200120","MIL","CHI"
"Shot Chart Detail","0021900647","574","1628990","Chandler Hutchison","1610612741","Chicago Bulls","4","8","31","Missed Shot","Driving Layup Shot","2PT Field Goal","Restricted Area","Center(C)","Less Than 8 ft.","2","2","25","1","0","20200120","MIL","CHI"
"Shot Chart Detail","0021900661","204","1628990","Chandler Hutchison","1610612741","Chicago Bulls","2","8","50","Made Shot","Driving Layup Shot","2PT Field Goal","Restricted Area","Center(C)","Less Than 8 ft.","1","-8","10","1","1","20200122","CHI","MIN"
"Shot Chart Detail","0021900661","226","1628990","Chandler Hutchison","1610612741","Chicago Bulls","2","6","17","Missed Shot","Layup Shot","2PT Field Goal","Restricted Area","Center(C)","Less Than 8 ft.","2","16","13","1","0","20200122","CHI","MIN"
"Shot Chart Detail","0021900661","463","1628990","Chandler Hutchison","1610612741","Chicago Bulls","3","3","11","Made Shot","Running Dunk Shot","2PT Field Goal","Restricted Area","Center(C)","Less Than 8 ft.","0","3","4","1","1","20200122","CHI","MIN"
"Shot Chart Detail","0021900661","517","1628990","Chandler Hutchison","1610612741","Chicago Bulls","4","11","36","Missed Shot","Jump Shot","3PT Field Goal","Above the Break 3","Left Side Center(LC)","24+ ft.","26","-171","197","1","0","20200122","CHI","MIN"
"Shot Chart Detail","0021900661","556","1628990","Chandler Hutchison","1610612741","Chicago Bulls","4","8","59","Made Shot","Layup Shot","2PT Field Goal","Restricted Area","Center(C)","Less Than 8 ft.","1","-14","4","1","1","20200122","CHI","MIN"
"Shot Chart Detail","0021900661","602","1628990","Chandler Hutchison","1610612741","Chicago Bulls","4","5","18","Missed Shot","Driving Floating Jump Shot","2PT Field Goal","In The Paint (Non-RA)","Center(C)","Less Than 8 ft.","6","13","59","1","0","20200122","CHI","MIN"
"Shot Chart Detail","0021900674","183","1628990","Chandler Hutchison","1610612741","Chicago Bulls","2","9","54","Made Shot","Driving Layup Shot","2PT Field Goal","Restricted Area","Center(C)","Less Than 8 ft.","1","2","14","1","1","20200124","CHI","SAC"
"Shot Chart Detail","0021900674","238","1628990","Chandler Hutchison","1610612741","Chicago Bulls","2","7","5","Made Shot","Driving Floating Jump Shot","2PT Field Goal","In The Paint (Non-RA)","Center(C)","Less Than 8 ft.","7","55","56","1","1","20200124","CHI","SAC"
"Shot Chart Detail","0021900674","449","1628990","Chandler Hutchison","1610612741","Chicago Bulls","3","3","37","Made Shot","Driving Dunk Shot","2PT Field Goal","Restricted Area","Center(C)","Less Than 8 ft.","0","-1","4","1","1","20200124","CHI","SAC"
"Shot Chart Detail","0021900674","523","1628990","Chandler Hutchison","1610612741","Chicago Bulls","4","10","21","Made Shot","Driving Layup Shot","2PT Field Goal","Restricted Area","Center(C)","Less Than 8 ft.","1","0","16","1","1","20200124","CHI","SAC"
"Shot Chart Detail","0021900674","558","1628990","Chandler Hutchison","1610612741","Chicago Bulls","4","8","40","Made Shot","Driving Layup Shot","2PT Field Goal","In The Paint (Non-RA)","Center(C)","Less Than 8 ft.","5","-52","15","1","1","20200124","CHI","SAC"
"Shot Chart Detail","0021900674","562","1628990","Chandler Hutchison","1610612741","Chicago Bulls","4","8","18","Missed Shot","Jump Shot","3PT Field Goal","Above the Break 3","Left Side Center(LC)","24+ ft.","25","-186","175","1","0","20200124","CHI","SAC"
"Shot Chart Detail","0021900682","131","1628990","Chandler Hutchison","1610612741","Chicago Bulls","1","1","52","Missed Shot","Driving Floating Bank Jump Shot","2PT Field Goal","Mid-Range","Right Side(R)","8-16 ft.","8","81","4","1","0","20200125","CLE","CHI"
"Shot Chart Detail","0021900682","173","1628990","Chandler Hutchison","1610612741","Chicago Bulls","2","10","42","Made Shot","Driving Layup Shot","2PT Field Goal","Restricted Area","Center(C)","Less Than 8 ft.","1","6","13","1","1","20200125","CLE","CHI"
"Shot Chart Detail","0021900682","191","1628990","Chandler Hutchison","1610612741","Chicago Bulls","2","9","25","Missed Shot","Driving Layup Shot","2PT Field Goal","Restricted Area","Center(C)","Less Than 8 ft.","1","3","-12","1","0","20200125","CLE","CHI"
"Shot Chart Detail","0021900682","220","1628990","Chandler Hutchison","1610612741","Chicago Bulls","2","7","4","Made Shot","Jump Shot","3PT Field Goal","Left Corner 3","Left Side(L)","24+ ft.","23","-238","3","1","1","20200125","CLE","CHI"
"Shot Chart Detail","0021900682","456","1628990","Chandler Hutchison","1610612741","Chicago Bulls","4","11","10","Missed Shot","Jump Shot","3PT Field Goal","Left Corner 3","Left Side(L)","24+ ft.","24","-240","37","1","0","20200125","CLE","CHI"
"Shot Chart Detail","0021900682","464","1628990","Chandler Hutchison","1610612741","Chicago Bulls","4","10","20","Missed Shot","Driving Layup Shot","2PT Field Goal","Restricted Area","Center(C)","Less Than 8 ft.","1","11","2","1","0","20200125","CLE","CHI"
"Shot Chart Detail","0021900682","494","1628990","Chandler Hutchison","1610612741","Chicago Bulls","4","7","40","Missed Shot","Jump Shot","3PT Field Goal","Above the Break 3","Left Side Center(LC)","24+ ft.","25","-143","212","1","0","20200125","CLE","CHI"
"Shot Chart Detail","0021900695","139","1628990","Chandler Hutchison","1610612741","Chicago Bulls","1","0","22","Made Shot","Pullup Jump shot","2PT Field Goal","Restricted Area","Center(C)","Less Than 8 ft.","2","-22","2","1","1","20200127","CHI","SAS"
"Shot Chart Detail","0021900695","174","1628990","Chandler Hutchison","1610612741","Chicago Bulls","2","9","38","Missed Shot","Driving Layup Shot","2PT Field Goal","Restricted Area","Center(C)","Less Than 8 ft.","1","9","17","1","0","20200127","CHI","SAS"
"Shot Chart Detail","0021900695","186","1628990","Chandler Hutchison","1610612741","Chicago Bulls","2","8","28","Made Shot","Driving Dunk Shot","2PT Field Goal","Restricted Area","Center(C)","Less Than 8 ft.","0","0","6","1","1","20200127","CHI","SAS"
"Shot Chart Detail","0021900695","197","1628990","Chandler Hutchison","1610612741","Chicago Bulls","2","7","52","Missed Shot","Jump Shot","3PT Field Goal","Above the Break 3","Left Side Center(LC)","24+ ft.","25","-152","200","1","0","20200127","CHI","SAS"
"Shot Chart Detail","0021900695","411","1628990","Chandler Hutchison","1610612741","Chicago Bulls","3","5","21","Missed Shot","Jump Shot","3PT Field Goal","Left Corner 3","Left Side(L)","24+ ft.","23","-232","-15","1","0","20200127","CHI","SAS"
"Shot Chart Detail","0021900695","448","1628990","Chandler Hutchison","1610612741","Chicago Bulls","3","2","25","Made Shot","Driving Layup Shot","2PT Field Goal","Restricted Area","Center(C)","Less Than 8 ft.","3","5","30","1","1","20200127","CHI","SAS"
"Shot Chart Detail","0021900695","451","1628990","Chandler Hutchison","1610612741","Chicago Bulls","3","1","58","Made Shot","Driving Floating Bank Jump Shot","2PT Field Goal","Restricted Area","Center(C)","Less Than 8 ft.","3","-26","26","1","1","20200127","CHI","SAS"
"Shot Chart Detail","0021900708","99","1628990","Chandler Hutchison","1610612741","Chicago Bulls","1","1","35","Made Shot","Cutting Dunk Shot","2PT Field Goal","Restricted Area","Center(C)","Less Than 8 ft.","2","-10","26","1","1","20200129","IND","CHI"
"Shot Chart Detail","0021900708","109","1628990","Chandler Hutchison","1610612741","Chicago Bulls","1","0","24","Made Shot","Running Finger Roll Layup Shot","2PT Field Goal","Restricted Area","Center(C)","Less Than 8 ft.","1","2","17","1","1","20200129","IND","CHI"
"Shot Chart Detail","0021900708","135","1628990","Chandler Hutchison","1610612741","Chicago Bulls","2","11","1","Missed Shot","Jump Shot","3PT Field Goal","Above the Break 3","Left Side Center(LC)","24+ ft.","25","-162","199","1","0","20200129","IND","CHI"
"Shot Chart Detail","0021900708","160","1628990","Chandler Hutchison","1610612741","Chicago Bulls","2","9","2","Made Shot","Driving Floating Jump Shot","2PT Field Goal","In The Paint (Non-RA)","Center(C)","Less Than 8 ft.","5","-43","35","1","1","20200129","IND","CHI"
"Shot Chart Detail","0021900708","187","1628990","Chandler Hutchison","1610612741","Chicago Bulls","2","6","55","Made Shot","Driving Finger Roll Layup Shot","2PT Field Goal","Restricted Area","Center(C)","Less Than 8 ft.","1","1","15","1","1","20200129","IND","CHI"
"Shot Chart Detail","0021900708","191","1628990","Chandler Hutchison","1610612741","Chicago Bulls","2","6","30","Made Shot","Cutting Dunk Shot","2PT Field Goal","Restricted Area","Center(C)","Less Than 8 ft.","1","-4","15","1","1","20200129","IND","CHI"
"Shot Chart Detail","0021900708","210","1628990","Chandler Hutchison","1610612741","Chicago Bulls","2","5","5","Made Shot","Driving Floating Jump Shot","2PT Field Goal","In The Paint (Non-RA)","Center(C)","Less Than 8 ft.","7","-27","66","1","1","20200129","IND","CHI"
"Shot Chart Detail","0021900708","447","1628990","Chandler Hutchison","1610612741","Chicago Bulls","4","10","38","Missed Shot","Pullup Jump shot","3PT Field Goal","Above the Break 3","Right Side Center(RC)","24+ ft.","27","127","244","1","0","20200129","IND","CHI"
"Shot Chart Detail","0021900708","461","1628990","Chandler Hutchison","1610612741","Chicago Bulls","4","9","36","Missed Shot","Jump Shot","3PT Field Goal","Above the Break 3","Left Side Center(LC)","24+ ft.","25","-176","180","1","0","20200129","IND","CHI"
"Shot Chart Detail","0021900708","465","1628990","Chandler Hutchison","1610612741","Chicago Bulls","4","9","14","Missed Shot","Driving Reverse Layup Shot","2PT Field Goal","Restricted Area","Center(C)","Less Than 8 ft.","1","10","-1","1","0","20200129","IND","CHI"
"Shot Chart Detail","0021900708","469","1628990","Chandler Hutchison","1610612741","Chicago Bulls","4","9","0","Made Shot","Driving Layup Shot","2PT Field Goal","Restricted Area","Center(C)","Less Than 8 ft.","2","9","23","1","1","20200129","IND","CHI"
"Shot Chart Detail","0021900708","487","1628990","Chandler Hutchison","1610612741","Chicago Bulls","4","7","37","Made Shot","Driving Dunk Shot","2PT Field Goal","Restricted Area","Center(C)","Less Than 8 ft.","1","8","10","1","1","20200129","IND","CHI"
"Shot Chart Detail","0021900708","490","1628990","Chandler Hutchison","1610612741","Chicago Bulls","4","7","14","Made Shot","Cutting Dunk Shot","2PT Field Goal","Restricted Area","Center(C)","Less Than 8 ft.","2","-3","22","1","1","20200129","IND","CHI"
"Shot Chart Detail","0021900708","593","1628990","Chandler Hutchison","1610612741","Chicago Bulls","5","4","19","Made Shot","Turnaround Jump Shot","2PT Field Goal","In The Paint (Non-RA)","Center(C)","Less Than 8 ft.","6","36","58","1","1","20200129","IND","CHI"
"Shot Chart Detail","0021900721","15","1628990","Chandler Hutchison","1610612741","Chicago Bulls","1","11","27","Missed Shot","Driving Floating Bank Jump Shot","2PT Field Goal","In The Paint (Non-RA)","Right Side(R)","8-16 ft.","9","61","74","1","0","20200131","BKN","CHI"
"Shot Chart Detail","0021900721","46","1628990","Chandler Hutchison","1610612741","Chicago Bulls","1","8","10","Missed Shot","Running Finger Roll Layup Shot","2PT Field Goal","Restricted Area","Center(C)","Less Than 8 ft.","1","-13","15","1","0","20200131","BKN","CHI"
"Shot Chart Detail","0021900721","51","1628990","Chandler Hutchison","1610612741","Chicago Bulls","1","7","59","Made Shot","Running Dunk Shot","2PT Field Goal","Restricted Area","Center(C)","Less Than 8 ft.","0","7","5","1","1","20200131","BKN","CHI"
"Shot Chart Detail","0021900721","164","1628990","Chandler Hutchison","1610612741","Chicago Bulls","2","11","41","Missed Shot","Driving Floating Bank Jump Shot","2PT Field Goal","Restricted Area","Center(C)","Less Than 8 ft.","2","19","17","1","0","20200131","BKN","CHI"
"Shot Chart Detail","0021900721","166","1628990","Chandler Hutchison","1610612741","Chicago Bulls","2","11","37","Missed Shot","Putback Layup Shot","2PT Field Goal","In The Paint (Non-RA)","Center(C)","Less Than 8 ft.","4","26","39","1","0","20200131","BKN","CHI"
"Shot Chart Detail","0021900721","468","1628990","Chandler Hutchison","1610612741","Chicago Bulls","3","0","14","Made Shot","Running Dunk Shot","2PT Field Goal","Restricted Area","Center(C)","Less Than 8 ft.","2","-7","27","1","1","20200131","BKN","CHI"
"Shot Chart Detail","0021900721","550","1628990","Chandler Hutchison","1610612741","Chicago Bulls","4","7","5","Made Shot","Driving Layup Shot","2PT Field Goal","Restricted Area","Center(C)","Less Than 8 ft.","1","-7","12","1","1","20200131","BKN","CHI"
"Shot Chart Detail","0021900740","38","1628990","Chandler Hutchison","1610612741","Chicago Bulls","1","8","14","Missed Shot","Driving Floating Jump Shot","2PT Field Goal","Mid-Range","Left Side(L)","8-16 ft.","10","-100","5","1","0","20200202","TOR","CHI"
"Shot Chart Detail","0021900740","48","1628990","Chandler Hutchison","1610612741","Chicago Bulls","1","7","18","Made Shot","Cutting Layup Shot","2PT Field Goal","Restricted Area","Center(C)","Less Than 8 ft.","0","-6","4","1","1","20200202","TOR","CHI"
"Shot Chart Detail","0021900740","177","1628990","Chandler Hutchison","1610612741","Chicago Bulls","2","9","4","Made Shot","Jump Shot","3PT Field Goal","Right Corner 3","Right Side(R)","24+ ft.","24","235","56","1","1","20200202","TOR","CHI"
"Shot Chart Detail","0021900740","273","1628990","Chandler Hutchison","1610612741","Chicago Bulls","2","2","2","Missed Shot","Jump Shot","3PT Field Goal","Left Corner 3","Left Side(L)","24+ ft.","22","-226","8","1","0","20200202","TOR","CHI"
"Shot Chart Detail","0021900740","295","1628990","Chandler Hutchison","1610612741","Chicago Bulls","2","0","5","Missed Shot","Floating Jump shot","2PT Field Goal","In The Paint (Non-RA)","Center(C)","Less Than 8 ft.","6","2","64","1","0","20200202","TOR","CHI"
"Shot Chart Detail","0021900740","299","1628990","Chandler Hutchison","1610612741","Chicago Bulls","2","0","0","Missed Shot","Putback Layup Shot","2PT Field Goal","Restricted Area","Center(C)","Less Than 8 ft.","2","19","9","1","0","20200202","TOR","CHI"
"Shot Chart Detail","0021900740","326","1628990","Chandler Hutchison","1610612741","Chicago Bulls","3","10","21","Missed Shot","Floating Jump shot","2PT Field Goal","Restricted Area","Center(C)","Less Than 8 ft.","2","10","22","1","0","20200202","TOR","CHI"
"Shot Chart Detail","0021900740","348","1628990","Chandler Hutchison","1610612741","Chicago Bulls","3","9","8","Missed Shot","Cutting Dunk Shot","2PT Field Goal","Restricted Area","Center(C)","Less Than 8 ft.","0","-3","4","1","0","20200202","TOR","CHI"
"Shot Chart Detail","0021900740","356","1628990","Chandler Hutchison","1610612741","Chicago Bulls","3","8","38","Made Shot","Tip Layup Shot","2PT Field Goal","Restricted Area","Center(C)","Less Than 8 ft.","0","0","-6","1","1","20200202","TOR","CHI"
"Shot Chart Detail","0021900740","449","1628990","Chandler Hutchison","1610612741","Chicago Bulls","3","1","52","Made Shot","Reverse Layup Shot","2PT Field Goal","Restricted Area","Center(C)","Less Than 8 ft.","0","5","0","1","1","20200202","TOR","CHI"
"Shot Chart Detail","0021900740","467","1628990","Chandler Hutchison","1610612741","Chicago Bulls","3","0","55","Made Shot","Finger Roll Layup Shot","2PT Field Goal","In The Paint (Non-RA)","Center(C)","Less Than 8 ft.","4","-27","31","1","1","20200202","TOR","CHI"
"Shot Chart Detail","0021900740","479","1628990","Chandler Hutchison","1610612741","Chicago Bulls","3","0","8","Missed Shot","Jump Shot","3PT Field Goal","Right Corner 3","Right Side(R)","24+ ft.","23","233","11","1","0","20200202","TOR","CHI"
"Shot Chart Detail","0021900740","580","1628990","Chandler Hutchison","1610612741","Chicago Bulls","4","4","43","Missed Shot","Jump Shot","3PT Field Goal","Left Corner 3","Left Side(L)","24+ ft.","23","-230","1","1","0","20200202","TOR","CHI"
"Shot Chart Detail","0021900765","7","1628990","Chandler Hutchison","1610612741","Chicago Bulls","1","11","41","Made Shot","Driving Layup Shot","2PT Field Goal","Restricted Area","Center(C)","Less Than 8 ft.","1","-8","16","1","1","20200206","CHI","NOP"
"Shot Chart Detail","0021900765","27","1628990","Chandler Hutchison","1610612741","Chicago Bulls","1","9","33","Missed Shot","Driving Layup Shot","2PT Field Goal","Restricted Area","Center(C)","Less Than 8 ft.","1","12","6","1","0","20200206","CHI","NOP"
"Shot Chart Detail","0021900765","38","1628990","Chandler Hutchison","1610612741","Chicago Bulls","1","8","38","Missed Shot","Driving Layup Shot","2PT Field Goal","Restricted Area","Center(C)","Less Than 8 ft.","2","7","25","1","0","20200206","CHI","NOP"
"Shot Chart Detail","0021900765","60","1628990","Chandler Hutchison","1610612741","Chicago Bulls","1","6","55","Made Shot","Driving Layup Shot","2PT Field Goal","Restricted Area","Center(C)","Less Than 8 ft.","0","-6","5","1","1","20200206","CHI","NOP"
"Shot Chart Detail","0021900765","139","1628990","Chandler Hutchison","1610612741","Chicago Bulls","1","2","4","Missed Shot","Driving Layup Shot","2PT Field Goal","Restricted Area","Center(C)","Less Than 8 ft.","2","-2","22","1","0","20200206","CHI","NOP"
"Shot Chart Detail","0021900765","146","1628990","Chandler Hutchison","1610612741","Chicago Bulls","1","1","25","Made Shot","Driving Dunk Shot","2PT Field Goal","Restricted Area","Center(C)","Less Than 8 ft.","0","0","6","1","1","20200206","CHI","NOP"
"Shot Chart Detail","0021900765","177","1628990","Chandler Hutchison","1610612741","Chicago Bulls","2","10","52","Made Shot","Running Dunk Shot","2PT Field Goal","Restricted Area","Center(C)","Less Than 8 ft.","0","0","3","1","1","20200206","CHI","NOP"
"Shot Chart Detail","0021900765","335","1628990","Chandler Hutchison","1610612741","Chicago Bulls","3","11","24","Made Shot","Floating Jump shot","2PT Field Goal","Restricted Area","Center(C)","Less Than 8 ft.","1","-7","11","1","1","20200206","CHI","NOP"
"Shot Chart Detail","0021900765","342","1628990","Chandler Hutchison","1610612741","Chicago Bulls","3","10","51","Missed Shot","Layup Shot","2PT Field Goal","Restricted Area","Center(C)","Less Than 8 ft.","1","-16","5","1","0","20200206","CHI","NOP"
"Shot Chart Detail","0021900765","353","1628990","Chandler Hutchison","1610612741","Chicago Bulls","3","9","54","Missed Shot","Floating Jump shot","2PT Field Goal","Restricted Area","Center(C)","Less Than 8 ft.","1","-13","12","1","0","20200206","CHI","NOP"
"Shot Chart Detail","0021900765","364","1628990","Chandler Hutchison","1610612741","Chicago Bulls","3","9","8","Missed Shot","Driving Layup Shot","2PT Field Goal","Restricted Area","Center(C)","Less Than 8 ft.","2","-17","15","1","0","20200206","CHI","NOP"
"Shot Chart Detail","0021900765","464","1628990","Chandler Hutchison","1610612741","Chicago Bulls","3","2","18","Made Shot","Turnaround Jump Shot","2PT Field Goal","In The Paint (Non-RA)","Center(C)","Less Than 8 ft.","7","24","75","1","1","20200206","CHI","NOP"
"Shot Chart Detail","0021900765","482","1628990","Chandler Hutchison","1610612741","Chicago Bulls","3","1","2","Missed Shot","Jump Shot","3PT Field Goal","Above the Break 3","Center(C)","24+ ft.","25","51","251","1","0","20200206","CHI","NOP"
"Shot Chart Detail","0021900765","546","1628990","Chandler Hutchison","1610612741","Chicago Bulls","4","8","5","Missed Shot","Jump Shot","3PT Field Goal","Above the Break 3","Right Side Center(RC)","24+ ft.","24","195","154","1","0","20200206","CHI","NOP"
"Shot Chart Detail","0021900788","45","1628990","Chandler Hutchison","1610612741","Chicago Bulls","1","8","52","Missed Shot","Driving Layup Shot","2PT Field Goal","In The Paint (Non-RA)","Left Side(L)","8-16 ft.","8","-60","53","1","0","20200209","PHI","CHI"
"Shot Chart Detail","0021900788","47","1628990","Chandler Hutchison","1610612741","Chicago Bulls","1","8","48","Missed Shot","Putback Layup Shot","2PT Field Goal","In The Paint (Non-RA)","Center(C)","Less Than 8 ft.","5","-34","43","1","0","20200209","PHI","CHI"
"Shot Chart Detail","0021900788","70","1628990","Chandler Hutchison","1610612741","Chicago Bulls","1","6","42","Made Shot","Jump Shot","3PT Field Goal","Above the Break 3","Left Side Center(LC)","24+ ft.","26","-125","232","1","1","20200209","PHI","CHI"
"Shot Chart Detail","0021900788","155","1628990","Chandler Hutchison","1610612741","Chicago Bulls","1","0","23","Missed Shot","Jump Shot","3PT Field Goal","Right Corner 3","Right Side(R)","24+ ft.","22","226","25","1","0","20200209","PHI","CHI"
"Shot Chart Detail","0021900788","176","1628990","Chandler Hutchison","1610612741","Chicago Bulls","2","10","51","Missed Shot","Floating Jump shot","2PT Field Goal","In The Paint (Non-RA)","Center(C)","8-16 ft.","10","-41","94","1","0","20200209","PHI","CHI"
"Shot Chart Detail","0021900788","309","1628990","Chandler Hutchison","1610612741","Chicago Bulls","2","2","0","Missed Shot","Running Layup Shot","2PT Field Goal","In The Paint (Non-RA)","Center(C)","Less Than 8 ft.","4","-17","37","1","0","20200209","PHI","CHI"
"Shot Chart Detail","0021900788","419","1628990","Chandler Hutchison","1610612741","Chicago Bulls","3","6","53","Missed Shot","Driving Layup Shot","2PT Field Goal","Restricted Area","Center(C)","Less Than 8 ft.","1","-10","-1","1","0","20200209","PHI","CHI"
"Shot Chart Detail","0021900788","533","1628990","Chandler Hutchison","1610612741","Chicago Bulls","4","10","42","Made Shot","Driving Reverse Layup Shot","2PT Field Goal","Restricted Area","Center(C)","Less Than 8 ft.","2","17","14","1","1","20200209","PHI","CHI"
"Shot Chart Detail","0021900788","647","1628990","Chandler Hutchison","1610612741","Chicago Bulls","4","1","20","Missed Shot","Driving Floating Jump Shot","2PT Field Goal","In The Paint (Non-RA)","Left Side(L)","8-16 ft.","8","-64","50","1","0","20200209","PHI","CHI"
"Shot Chart Detail","0021900803","19","1628990","Chandler Hutchison","1610612741","Chicago Bulls","1","10","20","Missed Shot","Jump Shot","3PT Field Goal","Above the Break 3","Left Side Center(LC)","24+ ft.","27","-209","173","1","0","20200211","WAS","CHI"
"Shot Chart Detail","0021900803","51","1628990","Chandler Hutchison","1610612741","Chicago Bulls","1","7","20","Missed Shot","Jump Shot","3PT Field Goal","Above the Break 3","Left Side Center(LC)","24+ ft.","25","-211","136","1","0","20200211","WAS","CHI"
"Shot Chart Detail","0021900803","57","1628990","Chandler Hutchison","1610612741","Chicago Bulls","1","6","56","Made Shot","Driving Dunk Shot","2PT Field Goal","Restricted Area","Center(C)","Less Than 8 ft.","2","-8","19","1","1","20200211","WAS","CHI"
"Shot Chart Detail","0021900803","148","1628990","Chandler Hutchison","1610612741","Chicago Bulls","1","0","55","Made Shot","Driving Floating Jump Shot","2PT Field Goal","Mid-Range","Left Side(L)","8-16 ft.","11","-111","31","1","1","20200211","WAS","CHI"
"Shot Chart Detail","0021900803","177","1628990","Chandler Hutchison","1610612741","Chicago Bulls","2","10","38","Missed Shot","Hook Shot","2PT Field Goal","In The Paint (Non-RA)","Center(C)","Less Than 8 ft.","4","-4","48","1","0","20200211","WAS","CHI"
"Shot Chart Detail","0021900803","280","1628990","Chandler Hutchison","1610612741","Chicago Bulls","2","3","58","Missed Shot","Running Layup Shot","2PT Field Goal","Restricted Area","Center(C)","Less Than 8 ft.","3","12","32","1","0","20200211","WAS","CHI"
"Shot Chart Detail","0021900803","310","1628990","Chandler Hutchison","1610612741","Chicago Bulls","2","1","55","Made Shot","Jump Shot","3PT Field Goal","Above the Break 3","Right Side Center(RC)","24+ ft.","26","214","155","1","1","20200211","WAS","CHI"
"Shot Chart Detail","0021900803","362","1628990","Chandler Hutchison","1610612741","Chicago Bulls","3","10","4","Missed Shot","Driving Reverse Layup Shot","2PT Field Goal","Restricted Area","Center(C)","Less Than 8 ft.","3","24","18","1","0","20200211","WAS","CHI"
"Shot Chart Detail","0021900803","394","1628990","Chandler Hutchison","1610612741","Chicago Bulls","3","7","52","Missed Shot","Driving Floating Jump Shot","2PT Field Goal","In The Paint (Non-RA)","Center(C)","Less Than 8 ft.","6","18","59","1","0","20200211","WAS","CHI"
"Shot Chart Detail","0021900803","402","1628990","Chandler Hutchison","1610612741","Chicago Bulls","3","6","56","Made Shot","Running Alley Oop Dunk Shot","2PT Field Goal","Restricted Area","Center(C)","Less Than 8 ft.","1","6","10","1","1","20200211","WAS","CHI"
"Shot Chart Detail","0021900803","510","1628990","Chandler Hutchison","1610612741","Chicago Bulls","4","10","20","Missed Shot","Driving Floating Jump Shot","2PT Field Goal","In The Paint (Non-RA)","Center(C)","8-16 ft.","8","-34","79","1","0","20200211","WAS","CHI"
"Shot Chart Detail","0021900803","530","1628990","Chandler Hutchison","1610612741","Chicago Bulls","4","8","27","Missed Shot","Pullup Jump shot","2PT Field Goal","Mid-Range","Right Side(R)","16-24 ft.","19","180","80","1","0","20200211","WAS","CHI"
